Log file open, 05/31/26 23:30:30
LogWindows: Failed to load 'aqProf.dll' (GetLastError=126)
LogWindows: File 'aqProf.dll' does not exist
LogWindows: Failed to load 'VtuneApi.dll' (GetLastError=126)
LogWindows: File 'VtuneApi.dll' does not exist
LogWindows: Failed to load 'VtuneApi32e.dll' (GetLastError=126)
LogWindows: File 'VtuneApi32e.dll' does not exist
LogConsoleResponse: Display: Failed to find resolution value strings in scalability ini. Falling back to default.
LogConsoleResponse: Display: Failed to find resolution value strings in scalability ini. Falling back to default.
LogInit: Display: Running engine for game: NavesLAB01USFX
LogPlatformFile: Not using cached read wrapper
LogTaskGraph: Started task graph with 5 named threads and 47 total threads with 3 sets of task threads.
LogStats: Stats thread started at 0.392221
LogICUInternationalization: ICU TimeZone Detection - Raw Offset: -4:00, Platform Override: ''
LogInit: Display: Loading text-based GConfig....
LogPluginManager: Mounting plugin MeshPainting
LogPluginManager: Mounting plugin XGEController
LogPluginManager: Mounting plugin Paper2D
LogPluginManager: Mounting plugin LiveLink
LogPluginManager: Mounting plugin AISupport
LogPluginManager: Mounting plugin EnvironmentQueryEditor
LogPluginManager: Mounting plugin LightPropagationVolume
LogPluginManager: Mounting plugin CameraShakePreviewer
LogPluginManager: Mounting plugin OodleData
LogPluginManager: Mounting plugin AssetManagerEditor
LogPluginManager: Mounting plugin OodleNetwork
LogPluginManager: Mounting plugin GameplayCameras
LogPluginManager: Mounting plugin CurveEditorTools
LogPluginManager: Mounting plugin CryptoKeys
LogPluginManager: Mounting plugin DataValidation
LogPluginManager: Mounting plugin GeometryMode
LogPluginManager: Mounting plugin MacGraphicsSwitching
LogPluginManager: Mounting plugin MaterialAnalyzer
LogPluginManager: Mounting plugin MobileLauncherProfileWizard
LogPluginManager: Mounting plugin GameplayTagsEditor
LogPluginManager: Mounting plugin PluginBrowser
LogPluginManager: Mounting plugin FacialAnimation
LogPluginManager: Mounting plugin AnimationSharing
LogPluginManager: Mounting plugin SpeedTreeImporter
LogPluginManager: Mounting plugin GitSourceControl
LogPluginManager: Mounting plugin CLionSourceCodeAccess
LogPluginManager: Mounting plugin CodeLiteSourceCodeAccess
LogPluginManager: Mounting plugin KDevelopSourceCodeAccess
LogPluginManager: Mounting plugin PerforceSourceControl
LogPluginManager: Mounting plugin PlasticSourceControl
LogPluginManager: Mounting plugin RiderSourceCodeAccess
LogPluginManager: Mounting plugin PixWinPlugin
LogPluginManager: Mounting plugin TextureFormatOodle
LogPluginManager: Mounting plugin SubversionSourceControl
LogPluginManager: Mounting plugin NullSourceCodeAccess
LogPluginManager: Mounting plugin PropertyAccessNode
LogPluginManager: Mounting plugin PluginUtils
LogPluginManager: Mounting plugin UObjectPlugin
LogPluginManager: Mounting plugin VisualStudioCodeSourceCodeAccess
LogPluginManager: Mounting plugin XCodeSourceCodeAccess
LogPluginManager: Mounting plugin VisualStudioSourceCodeAccess
LogPluginManager: Mounting plugin AutomationUtils
LogPluginManager: Mounting plugin AlembicImporter
LogPluginManager: Mounting plugin BackChannel
LogPluginManager: Mounting plugin ChaosCloth
LogPluginManager: Mounting plugin ChaosClothEditor
LogPluginManager: Mounting plugin ChaosNiagara
LogPluginManager: Mounting plugin ChaosEditor
LogPluginManager: Mounting plugin ChaosSolverPlugin
LogPluginManager: Mounting plugin CharacterAI
LogPluginManager: Mounting plugin Niagara
LogPluginManager: Mounting plugin DatasmithContent
LogPluginManager: Mounting plugin VariantManagerContent
LogPluginManager: Mounting plugin GeometryCache
LogPluginManager: Mounting plugin GeometryCollectionPlugin
LogPluginManager: Mounting plugin GeometryProcessing
LogPluginManager: Mounting plugin OpenImageDenoise
LogPluginManager: Mounting plugin MotoSynth
LogPluginManager: Mounting plugin PlanarCut
LogPluginManager: Mounting plugin PythonScriptPlugin
LogPluginManager: Mounting plugin ProxyLODPlugin
LogPluginManager: Mounting plugin PlatformCrypto
LogPluginManager: Mounting plugin AndroidMedia
LogPluginManager: Mounting plugin AvfMedia
LogPluginManager: Mounting plugin ImgMedia
LogPluginManager: Mounting plugin MediaCompositing
LogPluginManager: Mounting plugin MediaPlayerEditor
LogPluginManager: Mounting plugin WebMMedia
LogPluginManager: Mounting plugin WmfMedia
LogPluginManager: Mounting plugin LuminPlatformFeatures
LogPluginManager: Mounting plugin MagicLeap
LogPluginManager: Mounting plugin MagicLeapLightEstimation
LogPluginManager: Mounting plugin SkeletalReduction
LogPluginManager: Mounting plugin MagicLeapMedia
LogPluginManager: Mounting plugin MagicLeapPassableWorld
LogPluginManager: Mounting plugin MLSDK
LogPluginManager: Mounting plugin TcpMessaging
LogPluginManager: Mounting plugin UdpMessaging
LogPluginManager: Mounting plugin ActorSequence
LogPluginManager: Mounting plugin LevelSequenceEditor
LogPluginManager: Mounting plugin MatineeToLevelSequence
LogPluginManager: Mounting plugin TemplateSequence
LogPluginManager: Mounting plugin OnlineSubsystem
LogPluginManager: Mounting plugin OnlineSubsystemNull
LogPluginManager: Mounting plugin OnlineSubsystemUtils
LogPluginManager: Mounting plugin LauncherChunkInstaller
LogPluginManager: Mounting plugin ActorLayerUtilities
LogPluginManager: Mounting plugin AndroidMoviePlayer
LogPluginManager: Mounting plugin AndroidDeviceProfileSelector
LogPluginManager: Mounting plugin AndroidPermission
LogPluginManager: Mounting plugin AppleImageUtils
LogPluginManager: Mounting plugin AppleMoviePlayer
LogPluginManager: Mounting plugin ArchVisCharacter
LogPluginManager: Mounting plugin AudioCapture
LogPluginManager: Mounting plugin AssetTags
LogPluginManager: Mounting plugin AudioSynesthesia
LogPluginManager: Mounting plugin CableComponent
LogPluginManager: Mounting plugin ChunkDownloader
LogPluginManager: Mounting plugin CustomMeshComponent
LogPluginManager: Mounting plugin EditableMesh
LogPluginManager: Mounting plugin ExampleDeviceProfileSelector
LogPluginManager: Mounting plugin GooglePAD
LogPluginManager: Mounting plugin GoogleCloudMessaging
LogPluginManager: Mounting plugin ScreenshotTools
LogPluginManager: Mounting plugin IOSDeviceProfileSelector
LogPluginManager: Mounting plugin LinuxDeviceProfileSelector
LogPluginManager: Mounting plugin LocationServicesBPLibrary
LogPluginManager: Mounting plugin MobilePatchingUtils
LogPluginManager: Mounting plugin OpenXR
LogPluginManager: Mounting plugin OpenXREyeTracker
LogPluginManager: Mounting plugin OpenXRHandTracking
LogPluginManager: Mounting plugin PhysXVehicles
LogPluginManager: Mounting plugin PropertyAccessEditor
LogPluginManager: Mounting plugin ProceduralMeshComponent
LogPluginManager: Mounting plugin SignificanceManager
LogPluginManager: Mounting plugin PostSplashScreen
LogPluginManager: Mounting plugin RuntimePhysXCooking
LogPluginManager: Mounting plugin SoundFields
LogPluginManager: Mounting plugin Synthesis
LogPluginManager: Mounting plugin Takes
LogPluginManager: Mounting plugin WebMMoviePlayer
LogPluginManager: Mounting plugin WindowsMoviePlayer
LogPluginManager: Mounting plugin ContentBrowserClassDataSource
LogPluginManager: Mounting plugin ContentBrowserFileDataSource
LogPluginManager: Mounting plugin ContentBrowserAssetDataSource
LogPluginManager: Mounting plugin OnlineSubsystemGooglePlay
LogPluginManager: Mounting plugin OnlineSubsystemIOS
LogPluginManager: Mounting plugin OculusVR
LogPluginManager: Mounting plugin SteamVR
PixWinPlugin: PIX capture plugin failed to initialize! Check that the process is launched from PIX.
LogInit: Using libcurl 7.55.1-DEV
LogInit:  - built for x86_64-pc-win32
LogInit:  - supports SSL with OpenSSL/1.1.1
LogInit:  - supports HTTP deflate (compression) using libz 1.2.8
LogInit:  - other features:
LogInit:      CURL_VERSION_SSL
LogInit:      CURL_VERSION_LIBZ
LogInit:      CURL_VERSION_IPV6
LogInit:      CURL_VERSION_ASYNCHDNS
LogInit:      CURL_VERSION_LARGEFILE
LogInit:      CURL_VERSION_IDN
LogInit:  CurlRequestOptions (configurable via config and command line):
LogInit:  - bVerifyPeer = true  - Libcurl will verify peer certificate
LogInit:  - bUseHttpProxy = false  - Libcurl will NOT use HTTP proxy
LogInit:  - bDontReuseConnections = false  - Libcurl will reuse connections
LogInit:  - MaxHostConnections = 16  - Libcurl will limit the number of connections to a host
LogInit:  - LocalHostAddr = Default
LogInit:  - BufferSize = 65536
LogOnline: OSS: Creating online subsystem instance for: NULL
LogInit: WinSock: version 1.1 (2.2), MaxSocks=32767, MaxUdp=65467
LogOnline: OSS: TryLoadSubsystemAndSetDefault: Loaded subsystem for module [NULL]
LogOculusPluginWrapper: OculusPlugin initialized successfully
LogHMD: Failed initializing OVRPlugin 1.59.0
LogInit: Build: ++UE4+Release-4.27-CL-18319896
LogInit: Engine Version: 4.27.2-18319896+++UE4+Release-4.27
LogInit: Compatible Engine Version: 4.27.0-17155196+++UE4+Release-4.27
LogInit: Net CL: 17155196
LogInit: OS: Windows 10 (Release 2009) (), CPU:        Intel(R) Xeon(R) CPU E5-2689 0 @ 2.60GHz, GPU: NVIDIA GeForce GTX 1660 Ti
LogInit: Compiled (64-bit): Nov 30 2021 07:12:08
LogInit: Compiled with Visual C++: 19.24.28315.00
LogInit: Build Configuration: Development
LogInit: Branch Name: ++UE4+Release-4.27
LogInit: Command Line: 
LogInit: Base Directory: C:/Program Files/Epic Games/UE_4.27/Engine/Binaries/Win64/
LogInit: Allocator: TBB
LogInit: Installed Engine Build: 1
LogDevObjectVersion: Number of dev versions registered: 29
LogDevObjectVersion:   Dev-Blueprints (B0D832E4-1F89-4F0D-ACCF-7EB736FD4AA2): 10
LogDevObjectVersion:   Dev-Build (E1C64328-A22C-4D53-A36C-8E866417BD8C): 0
LogDevObjectVersion:   Dev-Core (375EC13C-06E4-48FB-B500-84F0262A717E): 4
LogDevObjectVersion:   Dev-Editor (E4B068ED-F494-42E9-A231-DA0B2E46BB41): 40
LogDevObjectVersion:   Dev-Framework (CFFC743F-43B0-4480-9391-14DF171D2073): 37
LogDevObjectVersion:   Dev-Mobile (B02B49B5-BB20-44E9-A304-32B752E40360): 3
LogDevObjectVersion:   Dev-Networking (A4E4105C-59A1-49B5-A7C5-40C4547EDFEE): 0
LogDevObjectVersion:   Dev-Online (39C831C9-5AE6-47DC-9A44-9C173E1C8E7C): 0
LogDevObjectVersion:   Dev-Physics (78F01B33-EBEA-4F98-B9B4-84EACCB95AA2): 14
LogDevObjectVersion:   Dev-Platform (6631380F-2D4D-43E0-8009-CF276956A95A): 0
LogDevObjectVersion:   Dev-Rendering (12F88B9F-8875-4AFC-A67C-D90C383ABD29): 45
LogDevObjectVersion:   Dev-Sequencer (7B5AE74C-D270-4C10-A958-57980B212A5A): 13
LogDevObjectVersion:   Dev-VR (D7296918-1DD6-4BDD-9DE2-64A83CC13884): 3
LogDevObjectVersion:   Dev-LoadTimes (C2A15278-BFE7-4AFE-6C17-90FF531DF755): 1
LogDevObjectVersion:   Private-Geometry (6EACA3D4-40EC-4CC1-B786-8BED09428FC5): 3
LogDevObjectVersion:   Dev-AnimPhys (29E575DD-E0A3-4627-9D10-D276232CDCEA): 17
LogDevObjectVersion:   Dev-Anim (AF43A65D-7FD3-4947-9873-3E8ED9C1BB05): 15
LogDevObjectVersion:   Dev-ReflectionCapture (6B266CEC-1EC7-4B8F-A30B-E4D90942FC07): 1
LogDevObjectVersion:   Dev-Automation (0DF73D61-A23F-47EA-B727-89E90C41499A): 1
LogDevObjectVersion:   FortniteMain (601D1886-AC64-4F84-AA16-D3DE0DEAC7D6): 47
LogDevObjectVersion:   FortniteRelease (E7086368-6B23-4C58-8439-1B7016265E91): 1
LogDevObjectVersion:   Dev-Enterprise (9DFFBCD6-494F-0158-E221-12823C92A888): 10
LogDevObjectVersion:   Dev-Niagara (F2AED0AC-9AFE-416F-8664-AA7FFA26D6FC): 1
LogDevObjectVersion:   Dev-Destruction (174F1F0B-B4C6-45A5-B13F-2EE8D0FB917D): 10
LogDevObjectVersion:   Dev-Physics-Ext (35F94A83-E258-406C-A318-09F59610247C): 41
LogDevObjectVersion:   Dev-PhysicsMaterial-Chaos (B68FC16E-8B1B-42E2-B453-215C058844FE): 1
LogDevObjectVersion:   Dev-CineCamera (B2E18506-4273-CFC2-A54E-F4BB758BBA07): 1
LogDevObjectVersion:   Dev-VirtualProduction (64F58936-FD1B-42BA-BA96-7289D5D0FA4E): 1
LogDevObjectVersion:   Dev-MediaFramework (6F0ED827-A609-4895-9C91-998D90180EA4): 2
LogInit: Presizing for max 25165824 objects, including 0 objects not considered by GC, pre-allocating 0 bytes for permanent pool.
LogConfig: Applying CVar settings from Section [/Script/Engine.StreamingSettings] File [D:/PROYECTOS/Pruebas/LABS/villa/Tarea-1-Villarroel-Roncal-Sebastian-Rodolfo-master/Saved/Config/Windows/Engine.ini]
LogConfig: Setting CVar [[s.MinBulkDataSizeForAsyncLoading:131072]]
LogConfig: Setting CVar [[s.AsyncLoadingThreadEnabled:0]]
LogConfig: Setting CVar [[s.EventDrivenLoaderEnabled:1]]
LogConfig: Setting CVar [[s.WarnIfTimeLimitExceeded:0]]
LogConfig: Setting CVar [[s.TimeLimitExceededMultiplier:1.5]]
LogConfig: Setting CVar [[s.TimeLimitExceededMinTime:0.005]]
LogConfig: Setting CVar [[s.UseBackgroundLevelStreaming:1]]
LogConfig: Setting CVar [[s.PriorityAsyncLoadingExtraTime:15.0]]
LogConfig: Setting CVar [[s.LevelStreamingActorsUpdateTimeLimit:5.0]]
LogConfig: Setting CVar [[s.PriorityLevelStreamingActorsUpdateExtraTime:5.0]]
LogConfig: Setting CVar [[s.LevelStreamingComponentsRegistrationGranularity:10]]
LogConfig: Setting CVar [[s.UnregisterComponentsTimeLimit:1.0]]
LogConfig: Setting CVar [[s.LevelStreamingComponentsUnregistrationGranularity:5]]
LogConfig: Setting CVar [[s.FlushStreamingOnExit:1]]
LogInit: Object subsystem initialized
LogConfig: Setting CVar [[con.DebugEarlyDefault:1]]
LogConfig: Setting CVar [[r.setres:1280x720]]
[2026.06.01-03.30.31:537][  0]LogConfig: Setting CVar [[r.VSync:0]]
[2026.06.01-03.30.31:537][  0]LogConfig: Setting CVar [[r.RHICmdBypass:0]]
[2026.06.01-03.30.31:537][  0]LogConfig: Applying CVar settings from Section [/Script/Engine.RendererSettings] File [D:/PROYECTOS/Pruebas/LABS/villa/Tarea-1-Villarroel-Roncal-Sebastian-Rodolfo-master/Saved/Config/Windows/Engine.ini]
[2026.06.01-03.30.31:537][  0]LogConfig: Setting CVar [[r.GPUCrashDebugging:0]]
[2026.06.01-03.30.31:537][  0]LogConfig: Setting CVar [[r.Mobile.DisableVertexFog:1]]
[2026.06.01-03.30.31:537][  0]LogConfig: Setting CVar [[r.Shadow.CSM.MaxMobileCascades:2]]
[2026.06.01-03.30.31:537][  0]LogConfig: Setting CVar [[r.MobileMSAA:1]]
[2026.06.01-03.30.31:537][  0]LogConfig: Setting CVar [[r.Mobile.AllowDitheredLODTransition:0]]
[2026.06.01-03.30.31:537][  0]LogConfig: Setting CVar [[r.Mobile.AllowSoftwareOcclusion:0]]
[2026.06.01-03.30.31:537][  0]LogConfig: Setting CVar [[r.Mobile.VirtualTextures:0]]
[2026.06.01-03.30.31:537][  0]LogConfig: Setting CVar [[r.DiscardUnusedQuality:0]]
[2026.06.01-03.30.31:537][  0]LogConfig: Setting CVar [[r.AllowOcclusionQueries:1]]
[2026.06.01-03.30.31:537][  0]LogConfig: Setting CVar [[r.MinScreenRadiusForLights:0.030000]]
[2026.06.01-03.30.31:537][  0]LogConfig: Setting CVar [[r.MinScreenRadiusForDepthPrepass:0.030000]]
[2026.06.01-03.30.31:537][  0]LogConfig: Setting CVar [[r.MinScreenRadiusForCSMDepth:0.010000]]
[2026.06.01-03.30.31:537][  0]LogConfig: Setting CVar [[r.PrecomputedVisibilityWarning:0]]
[2026.06.01-03.30.31:537][  0]LogConfig: Setting CVar [[r.TextureStreaming:1]]
[2026.06.01-03.30.31:537][  0]LogConfig: Setting CVar [[Compat.UseDXT5NormalMaps:0]]
[2026.06.01-03.30.31:537][  0]LogConfig: Setting CVar [[r.VirtualTextures:0]]
[2026.06.01-03.30.31:537][  0]LogConfig: Setting CVar [[r.VT.EnableAutoImport:1]]
[2026.06.01-03.30.31:537][  0]LogConfig: Setting CVar [[r.VirtualTexturedLightmaps:0]]
[2026.06.01-03.30.31:537][  0]LogConfig: Setting CVar [[r.VT.TileSize:128]]
[2026.06.01-03.30.31:537][  0]LogConfig: Setting CVar [[r.VT.TileBorderSize:4]]
[2026.06.01-03.30.31:537][  0]LogConfig: Setting CVar [[r.vt.FeedbackFactor:16]]
[2026.06.01-03.30.31:537][  0]LogConfig: Setting CVar [[r.VT.EnableCompressZlib:1]]
[2026.06.01-03.30.31:537][  0]LogConfig: Setting CVar [[r.VT.EnableCompressCrunch:0]]
[2026.06.01-03.30.31:537][  0]LogConfig: Setting CVar [[r.ClearCoatNormal:0]]
[2026.06.01-03.30.31:537][  0]LogConfig: Setting CVar [[r.ReflectionCaptureResolution:128]]
[2026.06.01-03.30.31:537][  0]LogConfig: Setting CVar [[r.Mobile.ReflectionCaptureCompression:0]]
[2026.06.01-03.30.31:538][  0]LogConfig: Setting CVar [[r.ReflectionEnvironmentLightmapMixBasedOnRoughness:1]]
[2026.06.01-03.30.31:538][  0]LogConfig: Setting CVar [[r.ForwardShading:0]]
[2026.06.01-03.30.31:538][  0]LogConfig: Setting CVar [[r.VertexFoggingForOpaque:1]]
[2026.06.01-03.30.31:538][  0]LogConfig: Setting CVar [[r.AllowStaticLighting:1]]
[2026.06.01-03.30.31:538][  0]LogConfig: Setting CVar [[r.NormalMapsForStaticLighting:0]]
[2026.06.01-03.30.31:538][  0]LogConfig: Setting CVar [[r.GenerateMeshDistanceFields:0]]
[2026.06.01-03.30.31:538][  0]LogConfig: Setting CVar [[r.DistanceFieldBuild.EightBit:0]]
[2026.06.01-03.30.31:538][  0]LogConfig: Setting CVar [[r.GenerateLandscapeGIData:0]]
[2026.06.01-03.30.31:538][  0]LogConfig: Setting CVar [[r.DistanceFieldBuild.Compress:0]]
[2026.06.01-03.30.31:538][  0]LogConfig: Setting CVar [[r.TessellationAdaptivePixelsPerTriangle:48.000000]]
[2026.06.01-03.30.31:538][  0]LogConfig: Setting CVar [[r.SeparateTranslucency:1]]
[2026.06.01-03.30.31:538][  0]LogConfig: Setting CVar [[r.TranslucentSortPolicy:0]]
[2026.06.01-03.30.31:538][  0]LogConfig: Setting CVar [[vr.VRS.HMDFixedFoveationLevel:0]]
[2026.06.01-03.30.31:538][  0]LogConfig: Setting CVar [[r.CustomDepth:1]]
[2026.06.01-03.30.31:538][  0]LogConfig: Setting CVar [[r.CustomDepthTemporalAAJitter:1]]
[2026.06.01-03.30.31:538][  0]LogConfig: Setting CVar [[r.PostProcessing.PropagateAlpha:0]]
[2026.06.01-03.30.31:538][  0]LogConfig: Setting CVar [[r.DefaultFeature.Bloom:1]]
[2026.06.01-03.30.31:538][  0]LogConfig: Setting CVar [[r.DefaultFeature.AmbientOcclusion:1]]
[2026.06.01-03.30.31:538][  0]LogConfig: Setting CVar [[r.DefaultFeature.AmbientOcclusionStaticFraction:1]]
[2026.06.01-03.30.31:538][  0]LogConfig: Setting CVar [[r.DefaultFeature.AutoExposure:0]]
[2026.06.01-03.30.31:538][  0]LogConfig: Setting CVar [[r.DefaultFeature.AutoExposure.Method:0]]
[2026.06.01-03.30.31:538][  0]LogConfig: Setting CVar [[r.DefaultFeature.AutoExposure.Bias:1.000000]]
[2026.06.01-03.30.31:538][  0]LogConfig: Setting CVar [[r.DefaultFeature.AutoExposure.ExtendDefaultLuminanceRange:0]]
[2026.06.01-03.30.31:538][  0]LogConfig: Setting CVar [[r.UsePreExposure:1]]
[2026.06.01-03.30.31:538][  0]LogConfig: Setting CVar [[r.EyeAdaptation.EditorOnly:0]]
[2026.06.01-03.30.31:538][  0]LogConfig: Setting CVar [[r.DefaultFeature.MotionBlur:0]]
[2026.06.01-03.30.31:538][  0]LogConfig: Setting CVar [[r.DefaultFeature.LensFlare:0]]
[2026.06.01-03.30.31:538][  0]LogConfig: Setting CVar [[r.TemporalAA.Upsampling:0]]
[2026.06.01-03.30.31:538][  0]LogConfig: Setting CVar [[r.SSGI.Enable:0]]
[2026.06.01-03.30.31:538][  0]LogConfig: Setting CVar [[r.DefaultFeature.AntiAliasing:0]]
[2026.06.01-03.30.31:538][  0]LogConfig: Setting CVar [[r.DefaultFeature.LightUnits:1]]
[2026.06.01-03.30.31:538][  0]LogConfig: Setting CVar [[r.DefaultBackBufferPixelFormat:4]]
[2026.06.01-03.30.31:538][  0]LogConfig: Setting CVar [[r.Shadow.UnbuiltPreviewInGame:1]]
[2026.06.01-03.30.31:538][  0]LogConfig: Setting CVar [[r.StencilForLODDither:0]]
[2026.06.01-03.30.31:538][  0]LogConfig: Setting CVar [[r.EarlyZPass:3]]
[2026.06.01-03.30.31:538][  0]LogConfig: Setting CVar [[r.EarlyZPassOnlyMaterialMasking:0]]
[2026.06.01-03.30.31:538][  0]LogConfig: Setting CVar [[r.DBuffer:1]]
[2026.06.01-03.30.31:538][  0]LogConfig: Setting CVar [[r.ClearSceneMethod:1]]
[2026.06.01-03.30.31:538][  0]LogConfig: Setting CVar [[r.BasePassOutputsVelocity:0]]
[2026.06.01-03.30.31:538][  0]LogConfig: Setting CVar [[r.VertexDeformationOutputsVelocity:0]]
[2026.06.01-03.30.31:538][  0]LogConfig: Setting CVar [[r.SelectiveBasePassOutputs:0]]
[2026.06.01-03.30.31:539][  0]LogConfig: Setting CVar [[fx.GPUSimulationTextureSizeX:1024]]
[2026.06.01-03.30.31:539][  0]LogConfig: Setting CVar [[fx.GPUSimulationTextureSizeY:1024]]
[2026.06.01-03.30.31:539][  0]LogConfig: Setting CVar [[r.AllowGlobalClipPlane:0]]
[2026.06.01-03.30.31:539][  0]LogConfig: Setting CVar [[r.GBufferFormat:1]]
[2026.06.01-03.30.31:539][  0]LogConfig: Setting CVar [[r.MorphTarget.Mode:1]]
[2026.06.01-03.30.31:539][  0]LogConfig: Setting CVar [[vr.InstancedStereo:0]]
[2026.06.01-03.30.31:539][  0]LogConfig: Setting CVar [[r.MobileHDR:1]]
[2026.06.01-03.30.31:539][  0]LogConfig: Setting CVar [[vr.MobileMultiView:0]]
[2026.06.01-03.30.31:539][  0]LogConfig: Setting CVar [[r.Mobile.UseHWsRGBEncoding:0]]
[2026.06.01-03.30.31:539][  0]LogConfig: Setting CVar [[vr.RoundRobinOcclusion:0]]
[2026.06.01-03.30.31:539][  0]LogConfig: Setting CVar [[vr.ODSCapture:0]]
[2026.06.01-03.30.31:539][  0]LogConfig: Setting CVar [[r.MeshStreaming:0]]
[2026.06.01-03.30.31:539][  0]LogConfig: Setting CVar [[r.WireframeCullThreshold:5.000000]]
[2026.06.01-03.30.31:539][  0]LogConfig: Setting CVar [[r.RayTracing:0]]
[2026.06.01-03.30.31:539][  0]LogConfig: Setting CVar [[r.RayTracing.UseTextureLod:0]]
[2026.06.01-03.30.31:539][  0]LogConfig: Setting CVar [[r.SupportStationarySkylight:1]]
[2026.06.01-03.30.31:539][  0]LogConfig: Setting CVar [[r.SupportLowQualityLightmaps:1]]
[2026.06.01-03.30.31:539][  0]LogConfig: Setting CVar [[r.SupportPointLightWholeSceneShadows:1]]
[2026.06.01-03.30.31:539][  0]LogConfig: Setting CVar [[r.SupportAtmosphericFog:1]]
[2026.06.01-03.30.31:539][  0]LogConfig: Setting CVar [[r.SupportSkyAtmosphere:1]]
[2026.06.01-03.30.31:539][  0]LogConfig: Setting CVar [[r.SupportSkyAtmosphereAffectsHeightFog:0]]
[2026.06.01-03.30.31:539][  0]LogConfig: Setting CVar [[r.SkinCache.CompileShaders:0]]
[2026.06.01-03.30.31:539][  0]LogConfig: Setting CVar [[r.SkinCache.DefaultBehavior:1]]
[2026.06.01-03.30.31:539][  0]LogConfig: Setting CVar [[r.SkinCache.SceneMemoryLimitInMB:128.000000]]
[2026.06.01-03.30.31:539][  0]LogConfig: Setting CVar [[r.Mobile.EnableStaticAndCSMShadowReceivers:1]]
[2026.06.01-03.30.31:539][  0]LogConfig: Setting CVar [[r.Mobile.EnableMovableLightCSMShaderCulling:1]]
[2026.06.01-03.30.31:539][  0]LogConfig: Setting CVar [[r.Mobile.AllowDistanceFieldShadows:1]]
[2026.06.01-03.30.31:539][  0]LogConfig: Setting CVar [[r.Mobile.AllowMovableDirectionalLights:1]]
[2026.06.01-03.30.31:539][  0]LogConfig: Setting CVar [[r.MobileNumDynamicPointLights:4]]
[2026.06.01-03.30.31:539][  0]LogConfig: Setting CVar [[r.MobileDynamicPointLightsUseStaticBranch:1]]
[2026.06.01-03.30.31:539][  0]LogConfig: Setting CVar [[r.Mobile.EnableMovableSpotlights:0]]
[2026.06.01-03.30.31:539][  0]LogConfig: Setting CVar [[r.Mobile.EnableMovableSpotlightsShadow:0]]
[2026.06.01-03.30.31:539][  0]LogConfig: Setting CVar [[r.GPUSkin.Support16BitBoneIndex:0]]
[2026.06.01-03.30.31:539][  0]LogConfig: Setting CVar [[r.GPUSkin.Limit2BoneInfluences:0]]
[2026.06.01-03.30.31:539][  0]LogConfig: Setting CVar [[r.SupportDepthOnlyIndexBuffers:1]]
[2026.06.01-03.30.31:539][  0]LogConfig: Setting CVar [[r.SupportReversedIndexBuffers:1]]
[2026.06.01-03.30.31:539][  0]LogConfig: Setting CVar [[r.LightPropagationVolume:0]]
[2026.06.01-03.30.31:539][  0]LogConfig: Setting CVar [[r.Mobile.AmbientOcclusion:0]]
[2026.06.01-03.30.31:539][  0]LogConfig: Setting CVar [[r.GPUSkin.UnlimitedBoneInfluences:0]]
[2026.06.01-03.30.31:539][  0]LogConfig: Setting CVar [[r.GPUSkin.UnlimitedBoneInfluencesThreshold:8]]
[2026.06.01-03.30.31:539][  0]LogConfig: Setting CVar [[r.Mobile.PlanarReflectionMode:0]]
[2026.06.01-03.30.31:539][  0]LogConfig: Setting CVar [[r.Mobile.SupportsGen4TAA:0]]
[2026.06.01-03.30.31:539][  0]LogConfig: Applying CVar settings from Section [/Script/Engine.RendererOverrideSettings] File [D:/PROYECTOS/Pruebas/LABS/villa/Tarea-1-Villarroel-Roncal-Sebastian-Rodolfo-master/Saved/Config/Windows/Engine.ini]
[2026.06.01-03.30.31:539][  0]LogConfig: Applying CVar settings from Section [/Script/Engine.StreamingSettings] File [D:/PROYECTOS/Pruebas/LABS/villa/Tarea-1-Villarroel-Roncal-Sebastian-Rodolfo-master/Saved/Config/Windows/Engine.ini]
[2026.06.01-03.30.31:540][  0]LogConfig: Setting CVar [[s.MinBulkDataSizeForAsyncLoading:131072]]
[2026.06.01-03.30.31:540][  0]LogConfig: Setting CVar [[s.AsyncLoadingThreadEnabled:0]]
[2026.06.01-03.30.31:540][  0]LogConfig: Setting CVar [[s.EventDrivenLoaderEnabled:1]]
[2026.06.01-03.30.31:540][  0]LogConfig: Setting CVar [[s.WarnIfTimeLimitExceeded:0]]
[2026.06.01-03.30.31:540][  0]LogConfig: Setting CVar [[s.TimeLimitExceededMultiplier:1.5]]
[2026.06.01-03.30.31:540][  0]LogConfig: Setting CVar [[s.TimeLimitExceededMinTime:0.005]]
[2026.06.01-03.30.31:540][  0]LogConfig: Setting CVar [[s.UseBackgroundLevelStreaming:1]]
[2026.06.01-03.30.31:540][  0]LogConfig: Setting CVar [[s.PriorityAsyncLoadingExtraTime:15.0]]
[2026.06.01-03.30.31:540][  0]LogConfig: Setting CVar [[s.LevelStreamingActorsUpdateTimeLimit:5.0]]
[2026.06.01-03.30.31:540][  0]LogConfig: Setting CVar [[s.PriorityLevelStreamingActorsUpdateExtraTime:5.0]]
[2026.06.01-03.30.31:540][  0]LogConfig: Setting CVar [[s.LevelStreamingComponentsRegistrationGranularity:10]]
[2026.06.01-03.30.31:540][  0]LogConfig: Setting CVar [[s.UnregisterComponentsTimeLimit:1.0]]
[2026.06.01-03.30.31:540][  0]LogConfig: Setting CVar [[s.LevelStreamingComponentsUnregistrationGranularity:5]]
[2026.06.01-03.30.31:540][  0]LogConfig: Setting CVar [[s.FlushStreamingOnExit:1]]
[2026.06.01-03.30.31:540][  0]LogConfig: Applying CVar settings from Section [/Script/Engine.GarbageCollectionSettings] File [D:/PROYECTOS/Pruebas/LABS/villa/Tarea-1-Villarroel-Roncal-Sebastian-Rodolfo-master/Saved/Config/Windows/Engine.ini]
[2026.06.01-03.30.31:540][  0]LogConfig: Setting CVar [[gc.MaxObjectsNotConsideredByGC:1]]
[2026.06.01-03.30.31:540][  0]LogConfig: Setting CVar [[gc.SizeOfPermanentObjectPool:0]]
[2026.06.01-03.30.31:540][  0]LogConfig: Setting CVar [[gc.FlushStreamingOnGC:0]]
[2026.06.01-03.30.31:540][  0]LogConfig: Setting CVar [[gc.NumRetriesBeforeForcingGC:10]]
[2026.06.01-03.30.31:540][  0]LogConfig: Setting CVar [[gc.AllowParallelGC:1]]
[2026.06.01-03.30.31:540][  0]LogConfig: Setting CVar [[gc.TimeBetweenPurgingPendingKillObjects:61.1]]
[2026.06.01-03.30.31:540][  0]LogConfig: Setting CVar [[gc.MaxObjectsInEditor:25165824]]
[2026.06.01-03.30.31:540][  0]LogConfig: Setting CVar [[gc.IncrementalBeginDestroyEnabled:1]]
[2026.06.01-03.30.31:540][  0]LogConfig: Setting CVar [[gc.CreateGCClusters:1]]
[2026.06.01-03.30.31:540][  0]LogConfig: Setting CVar [[gc.MinGCClusterSize:5]]
[2026.06.01-03.30.31:540][  0]LogConfig: Setting CVar [[gc.ActorClusteringEnabled:0]]
[2026.06.01-03.30.31:540][  0]LogConfig: Setting CVar [[gc.BlueprintClusteringEnabled:0]]
[2026.06.01-03.30.31:540][  0]LogConfig: Setting CVar [[gc.UseDisregardForGCOnDedicatedServers:0]]
[2026.06.01-03.30.31:540][  0]LogConfig: Setting CVar [[gc.MultithreadedDestructionEnabled:1]]
[2026.06.01-03.30.31:540][  0]LogConfig: Applying CVar settings from Section [/Script/Engine.NetworkSettings] File [D:/PROYECTOS/Pruebas/LABS/villa/Tarea-1-Villarroel-Roncal-Sebastian-Rodolfo-master/Saved/Config/Windows/Engine.ini]
[2026.06.01-03.30.31:540][  0]LogConfig: Applying CVar settings from Section [/Script/UnrealEd.CookerSettings] File [D:/PROYECTOS/Pruebas/LABS/villa/Tarea-1-Villarroel-Roncal-Sebastian-Rodolfo-master/Saved/Config/Windows/Engine.ini]
[2026.06.01-03.30.31:548][  0]LogConfig: Applying CVar settings from Section [ViewDistanceQuality@3] File [D:/PROYECTOS/Pruebas/LABS/villa/Tarea-1-Villarroel-Roncal-Sebastian-Rodolfo-master/Saved/Config/Windows/Scalability.ini]
[2026.06.01-03.30.31:548][  0]LogConfig: Setting CVar [[r.SkeletalMeshLODBias:0]]
[2026.06.01-03.30.31:548][  0]LogConfig: Setting CVar [[r.ViewDistanceScale:1.0]]
[2026.06.01-03.30.31:548][  0]LogConfig: Applying CVar settings from Section [AntiAliasingQuality@3] File [D:/PROYECTOS/Pruebas/LABS/villa/Tarea-1-Villarroel-Roncal-Sebastian-Rodolfo-master/Saved/Config/Windows/Scalability.ini]
[2026.06.01-03.30.31:548][  0]LogConfig: Setting CVar [[r.PostProcessAAQuality:4]]
[2026.06.01-03.30.31:548][  0]LogConfig: Applying CVar settings from Section [ShadowQuality@3] File [D:/PROYECTOS/Pruebas/LABS/villa/Tarea-1-Villarroel-Roncal-Sebastian-Rodolfo-master/Saved/Config/Windows/Scalability.ini]
[2026.06.01-03.30.31:548][  0]LogConfig: Setting CVar [[r.LightFunctionQuality:1]]
[2026.06.01-03.30.31:548][  0]LogConfig: Setting CVar [[r.ShadowQuality:5]]
[2026.06.01-03.30.31:548][  0]LogConfig: Setting CVar [[r.Shadow.CSM.MaxCascades:10]]
[2026.06.01-03.30.31:548][  0]LogConfig: Setting CVar [[r.Shadow.MaxResolution:2048]]
[2026.06.01-03.30.31:548][  0]LogConfig: Setting CVar [[r.Shadow.MaxCSMResolution:2048]]
[2026.06.01-03.30.31:548][  0]LogConfig: Setting CVar [[r.Shadow.RadiusThreshold:0.01]]
[2026.06.01-03.30.31:548][  0]LogConfig: Setting CVar [[r.Shadow.DistanceScale:1.0]]
[2026.06.01-03.30.31:548][  0]LogConfig: Setting CVar [[r.Shadow.CSM.TransitionScale:1.0]]
[2026.06.01-03.30.31:548][  0]LogConfig: Setting CVar [[r.Shadow.PreShadowResolutionFactor:1.0]]
[2026.06.01-03.30.31:548][  0]LogConfig: Setting CVar [[r.DistanceFieldShadowing:1]]
[2026.06.01-03.30.31:548][  0]LogConfig: Setting CVar [[r.DistanceFieldAO:1]]
[2026.06.01-03.30.31:548][  0]LogConfig: Setting CVar [[r.AOQuality:2]]
[2026.06.01-03.30.31:548][  0]LogConfig: Setting CVar [[r.VolumetricFog:1]]
[2026.06.01-03.30.31:548][  0]LogConfig: Setting CVar [[r.VolumetricFog.GridPixelSize:8]]
[2026.06.01-03.30.31:548][  0]LogConfig: Setting CVar [[r.VolumetricFog.GridSizeZ:128]]
[2026.06.01-03.30.31:549][  0]LogConfig: Setting CVar [[r.VolumetricFog.HistoryMissSupersampleCount:4]]
[2026.06.01-03.30.31:549][  0]LogConfig: Setting CVar [[r.LightMaxDrawDistanceScale:1]]
[2026.06.01-03.30.31:549][  0]LogConfig: Setting CVar [[r.CapsuleShadows:1]]
[2026.06.01-03.30.31:549][  0]LogConfig: Applying CVar settings from Section [PostProcessQuality@3] File [D:/PROYECTOS/Pruebas/LABS/villa/Tarea-1-Villarroel-Roncal-Sebastian-Rodolfo-master/Saved/Config/Windows/Scalability.ini]
[2026.06.01-03.30.31:549][  0]LogConfig: Setting CVar [[r.MotionBlurQuality:4]]
[2026.06.01-03.30.31:549][  0]LogConfig: Setting CVar [[r.AmbientOcclusionMipLevelFactor:0.4]]
[2026.06.01-03.30.31:549][  0]LogConfig: Setting CVar [[r.AmbientOcclusionMaxQuality:100]]
[2026.06.01-03.30.31:549][  0]LogConfig: Setting CVar [[r.AmbientOcclusionLevels:-1]]
[2026.06.01-03.30.31:549][  0]LogConfig: Setting CVar [[r.AmbientOcclusionRadiusScale:1.0]]
[2026.06.01-03.30.31:549][  0]LogConfig: Setting CVar [[r.DepthOfFieldQuality:2]]
[2026.06.01-03.30.31:549][  0]LogConfig: Setting CVar [[r.RenderTargetPoolMin:400]]
[2026.06.01-03.30.31:549][  0]LogConfig: Setting CVar [[r.LensFlareQuality:2]]
[2026.06.01-03.30.31:549][  0]LogConfig: Setting CVar [[r.SceneColorFringeQuality:1]]
[2026.06.01-03.30.31:549][  0]LogConfig: Setting CVar [[r.EyeAdaptationQuality:2]]
[2026.06.01-03.30.31:549][  0]LogConfig: Setting CVar [[r.BloomQuality:5]]
[2026.06.01-03.30.31:549][  0]LogConfig: Setting CVar [[r.FastBlurThreshold:100]]
[2026.06.01-03.30.31:549][  0]LogConfig: Setting CVar [[r.Upscale.Quality:3]]
[2026.06.01-03.30.31:549][  0]LogConfig: Setting CVar [[r.Tonemapper.GrainQuantization:1]]
[2026.06.01-03.30.31:549][  0]LogConfig: Setting CVar [[r.LightShaftQuality:1]]
[2026.06.01-03.30.31:549][  0]LogConfig: Setting CVar [[r.Filter.SizeScale:1]]
[2026.06.01-03.30.31:549][  0]LogConfig: Setting CVar [[r.Tonemapper.Quality:5]]
[2026.06.01-03.30.31:549][  0]LogConfig: Setting CVar [[r.DOF.Gather.AccumulatorQuality:1        ; higher gathering accumulator quality]]
[2026.06.01-03.30.31:549][  0]LogConfig: Setting CVar [[r.DOF.Gather.PostfilterMethod:1          ; Median3x3 postfilering method]]
[2026.06.01-03.30.31:549][  0]LogConfig: Setting CVar [[r.DOF.Gather.EnableBokehSettings:0       ; no bokeh simulation when gathering]]
[2026.06.01-03.30.31:549][  0]LogConfig: Setting CVar [[r.DOF.Gather.RingCount:4                 ; medium number of samples when gathering]]
[2026.06.01-03.30.31:549][  0]LogConfig: Setting CVar [[r.DOF.Scatter.ForegroundCompositing:1    ; additive foreground scattering]]
[2026.06.01-03.30.31:549][  0]LogConfig: Setting CVar [[r.DOF.Scatter.BackgroundCompositing:2    ; additive background scattering]]
[2026.06.01-03.30.31:549][  0]LogConfig: Setting CVar [[r.DOF.Scatter.EnableBokehSettings:1      ; bokeh simulation when scattering]]
[2026.06.01-03.30.31:549][  0]LogConfig: Setting CVar [[r.DOF.Scatter.MaxSpriteRatio:0.1         ; only a maximum of 10% of scattered bokeh]]
[2026.06.01-03.30.31:549][  0]LogConfig: Setting CVar [[r.DOF.Recombine.Quality:1                ; cheap slight out of focus]]
[2026.06.01-03.30.31:549][  0]LogConfig: Setting CVar [[r.DOF.Recombine.EnableBokehSettings:0    ; no bokeh simulation on slight out of focus]]
[2026.06.01-03.30.31:549][  0]LogConfig: Setting CVar [[r.DOF.TemporalAAQuality:1                ; more stable temporal accumulation]]
[2026.06.01-03.30.31:549][  0]LogConfig: Setting CVar [[r.DOF.Kernel.MaxForegroundRadius:0.025]]
[2026.06.01-03.30.31:549][  0]LogConfig: Setting CVar [[r.DOF.Kernel.MaxBackgroundRadius:0.025]]
[2026.06.01-03.30.31:549][  0]LogConfig: Applying CVar settings from Section [TextureQuality@3] File [D:/PROYECTOS/Pruebas/LABS/villa/Tarea-1-Villarroel-Roncal-Sebastian-Rodolfo-master/Saved/Config/Windows/Scalability.ini]
[2026.06.01-03.30.31:549][  0]LogConfig: Setting CVar [[r.Streaming.MipBias:0]]
[2026.06.01-03.30.31:549][  0]LogConfig: Setting CVar [[r.Streaming.AmortizeCPUToGPUCopy:0]]
[2026.06.01-03.30.31:549][  0]LogConfig: Setting CVar [[r.Streaming.MaxNumTexturesToStreamPerFrame:0]]
[2026.06.01-03.30.31:549][  0]LogConfig: Setting CVar [[r.Streaming.Boost:1]]
[2026.06.01-03.30.31:549][  0]LogConfig: Setting CVar [[r.MaxAnisotropy:8]]
[2026.06.01-03.30.31:549][  0]LogConfig: Setting CVar [[r.VT.MaxAnisotropy:8]]
[2026.06.01-03.30.31:549][  0]LogConfig: Setting CVar [[r.Streaming.LimitPoolSizeToVRAM:0]]
[2026.06.01-03.30.31:549][  0]LogConfig: Setting CVar [[r.Streaming.PoolSize:1000]]
[2026.06.01-03.30.31:549][  0]LogConfig: Setting CVar [[r.Streaming.MaxEffectiveScreenSize:0]]
[2026.06.01-03.30.31:550][  0]LogConfig: Applying CVar settings from Section [EffectsQuality@3] File [D:/PROYECTOS/Pruebas/LABS/villa/Tarea-1-Villarroel-Roncal-Sebastian-Rodolfo-master/Saved/Config/Windows/Scalability.ini]
[2026.06.01-03.30.31:550][  0]LogConfig: Setting CVar [[r.TranslucencyLightingVolumeDim:64]]
[2026.06.01-03.30.31:550][  0]LogConfig: Setting CVar [[r.RefractionQuality:2]]
[2026.06.01-03.30.31:550][  0]LogConfig: Setting CVar [[r.SSR.Quality:3]]
[2026.06.01-03.30.31:550][  0]LogConfig: Setting CVar [[r.SSR.HalfResSceneColor:0]]
[2026.06.01-03.30.31:550][  0]LogConfig: Setting CVar [[r.SceneColorFormat:4]]
[2026.06.01-03.30.31:550][  0]LogConfig: Setting CVar [[r.DetailMode:2]]
[2026.06.01-03.30.31:550][  0]LogConfig: Setting CVar [[r.TranslucencyVolumeBlur:1]]
[2026.06.01-03.30.31:550][  0]LogConfig: Setting CVar [[r.MaterialQualityLevel:1 ; High quality]]
[2026.06.01-03.30.31:550][  0]LogConfig: Setting CVar [[r.AnisotropicMaterials:1]]
[2026.06.01-03.30.31:550][  0]LogConfig: Setting CVar [[r.SSS.Scale:1]]
[2026.06.01-03.30.31:550][  0]LogConfig: Setting CVar [[r.SSS.SampleSet:2]]
[2026.06.01-03.30.31:550][  0]LogConfig: Setting CVar [[r.SSS.Quality:1]]
[2026.06.01-03.30.31:550][  0]LogConfig: Setting CVar [[r.SSS.HalfRes:0]]
[2026.06.01-03.30.31:550][  0]LogConfig: Setting CVar [[r.SSGI.Quality:3]]
[2026.06.01-03.30.31:550][  0]LogConfig: Setting CVar [[r.EmitterSpawnRateScale:1.0]]
[2026.06.01-03.30.31:550][  0]LogConfig: Setting CVar [[r.ParticleLightQuality:2]]
[2026.06.01-03.30.31:550][  0]LogConfig: Setting CVar [[r.SkyAtmosphere.AerialPerspectiveLUT.FastApplyOnOpaque:1 ; Always have FastSkyLUT 1 in this case to avoid wrong sky]]
[2026.06.01-03.30.31:550][  0]LogConfig: Setting CVar [[r.SkyAtmosphere.AerialPerspectiveLUT.SampleCountMaxPerSlice:4]]
[2026.06.01-03.30.31:550][  0]LogConfig: Setting CVar [[r.SkyAtmosphere.AerialPerspectiveLUT.DepthResolution:16.0]]
[2026.06.01-03.30.31:550][  0]LogConfig: Setting CVar [[r.SkyAtmosphere.FastSkyLUT:1]]
[2026.06.01-03.30.31:550][  0]LogConfig: Setting CVar [[r.SkyAtmosphere.FastSkyLUT.SampleCountMin:4.0]]
[2026.06.01-03.30.31:550][  0]LogConfig: Setting CVar [[r.SkyAtmosphere.FastSkyLUT.SampleCountMax:128.0]]
[2026.06.01-03.30.31:550][  0]LogConfig: Setting CVar [[r.SkyAtmosphere.SampleCountMin:4.0]]
[2026.06.01-03.30.31:550][  0]LogConfig: Setting CVar [[r.SkyAtmosphere.SampleCountMax:128.0]]
[2026.06.01-03.30.31:550][  0]LogConfig: Setting CVar [[r.SkyAtmosphere.TransmittanceLUT.UseSmallFormat:0]]
[2026.06.01-03.30.31:550][  0]LogConfig: Setting CVar [[r.SkyAtmosphere.TransmittanceLUT.SampleCount:10.0]]
[2026.06.01-03.30.31:550][  0]LogConfig: Setting CVar [[r.SkyAtmosphere.MultiScatteringLUT.SampleCount:15.0]]
[2026.06.01-03.30.31:550][  0]LogConfig: Setting CVar [[r.SkyLight.RealTimeReflectionCapture:1]]
[2026.06.01-03.30.31:550][  0]LogConfig: Applying CVar settings from Section [FoliageQuality@3] File [D:/PROYECTOS/Pruebas/LABS/villa/Tarea-1-Villarroel-Roncal-Sebastian-Rodolfo-master/Saved/Config/Windows/Scalability.ini]
[2026.06.01-03.30.31:550][  0]LogConfig: Setting CVar [[foliage.DensityScale:1.0]]
[2026.06.01-03.30.31:550][  0]LogConfig: Setting CVar [[grass.DensityScale:1.0]]
[2026.06.01-03.30.31:550][  0]LogConfig: Applying CVar settings from Section [ShadingQuality@3] File [D:/PROYECTOS/Pruebas/LABS/villa/Tarea-1-Villarroel-Roncal-Sebastian-Rodolfo-master/Saved/Config/Windows/Scalability.ini]
[2026.06.01-03.30.31:550][  0]LogConfig: Setting CVar [[r.HairStrands.SkyLighting.IntegrationType:2]]
[2026.06.01-03.30.31:550][  0]LogConfig: Setting CVar [[r.HairStrands.SkyAO.SampleCount:4]]
[2026.06.01-03.30.31:550][  0]LogConfig: Setting CVar [[r.HairStrands.Visibility.MSAA.SamplePerPixel:4]]
[2026.06.01-03.30.31:550][  0]LogInit: Selected Device Profile: [Windows]
[2026.06.01-03.30.31:550][  0]LogInit: Applying CVar settings loaded from the selected device profile: [Windows]
[2026.06.01-03.30.31:551][  0]LogHAL: Display: Platform has ~ 16 GB [17112444928 / 17179869184 / 16], which maps to Larger [LargestMinGB=32, LargerMinGB=12, DefaultMinGB=8, SmallerMinGB=6, SmallestMinGB=0)
[2026.06.01-03.30.31:551][  0]LogInit: Going up to parent DeviceProfile []
[2026.06.01-03.30.31:551][  0]LogConfig: Applying CVar settings from Section [ViewDistanceQuality@3] File [D:/PROYECTOS/Pruebas/LABS/villa/Tarea-1-Villarroel-Roncal-Sebastian-Rodolfo-master/Saved/Config/Windows/Scalability.ini]
[2026.06.01-03.30.31:551][  0]LogConfig: Setting CVar [[r.SkeletalMeshLODBias:0]]
[2026.06.01-03.30.31:551][  0]LogConfig: Setting CVar [[r.ViewDistanceScale:1.0]]
[2026.06.01-03.30.31:551][  0]LogConfig: Applying CVar settings from Section [AntiAliasingQuality@3] File [D:/PROYECTOS/Pruebas/LABS/villa/Tarea-1-Villarroel-Roncal-Sebastian-Rodolfo-master/Saved/Config/Windows/Scalability.ini]
[2026.06.01-03.30.31:551][  0]LogConfig: Setting CVar [[r.PostProcessAAQuality:4]]
[2026.06.01-03.30.31:551][  0]LogConfig: Applying CVar settings from Section [ShadowQuality@3] File [D:/PROYECTOS/Pruebas/LABS/villa/Tarea-1-Villarroel-Roncal-Sebastian-Rodolfo-master/Saved/Config/Windows/Scalability.ini]
[2026.06.01-03.30.31:551][  0]LogConfig: Setting CVar [[r.LightFunctionQuality:1]]
[2026.06.01-03.30.31:551][  0]LogConfig: Setting CVar [[r.ShadowQuality:5]]
[2026.06.01-03.30.31:551][  0]LogConfig: Setting CVar [[r.Shadow.CSM.MaxCascades:10]]
[2026.06.01-03.30.31:551][  0]LogConfig: Setting CVar [[r.Shadow.MaxResolution:2048]]
[2026.06.01-03.30.31:551][  0]LogConfig: Setting CVar [[r.Shadow.MaxCSMResolution:2048]]
[2026.06.01-03.30.31:551][  0]LogConfig: Setting CVar [[r.Shadow.RadiusThreshold:0.01]]
[2026.06.01-03.30.31:551][  0]LogConfig: Setting CVar [[r.Shadow.DistanceScale:1.0]]
[2026.06.01-03.30.31:551][  0]LogConfig: Setting CVar [[r.Shadow.CSM.TransitionScale:1.0]]
[2026.06.01-03.30.31:551][  0]LogConfig: Setting CVar [[r.Shadow.PreShadowResolutionFactor:1.0]]
[2026.06.01-03.30.31:551][  0]LogConfig: Setting CVar [[r.DistanceFieldShadowing:1]]
[2026.06.01-03.30.31:551][  0]LogConfig: Setting CVar [[r.DistanceFieldAO:1]]
[2026.06.01-03.30.31:551][  0]LogConfig: Setting CVar [[r.AOQuality:2]]
[2026.06.01-03.30.31:551][  0]LogConfig: Setting CVar [[r.VolumetricFog:1]]
[2026.06.01-03.30.31:551][  0]LogConfig: Setting CVar [[r.VolumetricFog.GridPixelSize:8]]
[2026.06.01-03.30.31:551][  0]LogConfig: Setting CVar [[r.VolumetricFog.GridSizeZ:128]]
[2026.06.01-03.30.31:551][  0]LogConfig: Setting CVar [[r.VolumetricFog.HistoryMissSupersampleCount:4]]
[2026.06.01-03.30.31:551][  0]LogConfig: Setting CVar [[r.LightMaxDrawDistanceScale:1]]
[2026.06.01-03.30.31:551][  0]LogConfig: Setting CVar [[r.CapsuleShadows:1]]
[2026.06.01-03.30.31:551][  0]LogConfig: Applying CVar settings from Section [PostProcessQuality@3] File [D:/PROYECTOS/Pruebas/LABS/villa/Tarea-1-Villarroel-Roncal-Sebastian-Rodolfo-master/Saved/Config/Windows/Scalability.ini]
[2026.06.01-03.30.31:551][  0]LogConfig: Setting CVar [[r.MotionBlurQuality:4]]
[2026.06.01-03.30.31:551][  0]LogConfig: Setting CVar [[r.AmbientOcclusionMipLevelFactor:0.4]]
[2026.06.01-03.30.31:551][  0]LogConfig: Setting CVar [[r.AmbientOcclusionMaxQuality:100]]
[2026.06.01-03.30.31:551][  0]LogConfig: Setting CVar [[r.AmbientOcclusionLevels:-1]]
[2026.06.01-03.30.31:551][  0]LogConfig: Setting CVar [[r.AmbientOcclusionRadiusScale:1.0]]
[2026.06.01-03.30.31:551][  0]LogConfig: Setting CVar [[r.DepthOfFieldQuality:2]]
[2026.06.01-03.30.31:551][  0]LogConfig: Setting CVar [[r.RenderTargetPoolMin:400]]
[2026.06.01-03.30.31:552][  0]LogConfig: Setting CVar [[r.LensFlareQuality:2]]
[2026.06.01-03.30.31:552][  0]LogConfig: Setting CVar [[r.SceneColorFringeQuality:1]]
[2026.06.01-03.30.31:552][  0]LogConfig: Setting CVar [[r.EyeAdaptationQuality:2]]
[2026.06.01-03.30.31:552][  0]LogConfig: Setting CVar [[r.BloomQuality:5]]
[2026.06.01-03.30.31:552][  0]LogConfig: Setting CVar [[r.FastBlurThreshold:100]]
[2026.06.01-03.30.31:552][  0]LogConfig: Setting CVar [[r.Upscale.Quality:3]]
[2026.06.01-03.30.31:552][  0]LogConfig: Setting CVar [[r.Tonemapper.GrainQuantization:1]]
[2026.06.01-03.30.31:552][  0]LogConfig: Setting CVar [[r.LightShaftQuality:1]]
[2026.06.01-03.30.31:552][  0]LogConfig: Setting CVar [[r.Filter.SizeScale:1]]
[2026.06.01-03.30.31:552][  0]LogConfig: Setting CVar [[r.Tonemapper.Quality:5]]
[2026.06.01-03.30.31:552][  0]LogConfig: Setting CVar [[r.DOF.Gather.AccumulatorQuality:1        ; higher gathering accumulator quality]]
[2026.06.01-03.30.31:552][  0]LogConfig: Setting CVar [[r.DOF.Gather.PostfilterMethod:1          ; Median3x3 postfilering method]]
[2026.06.01-03.30.31:552][  0]LogConfig: Setting CVar [[r.DOF.Gather.EnableBokehSettings:0       ; no bokeh simulation when gathering]]
[2026.06.01-03.30.31:552][  0]LogConfig: Setting CVar [[r.DOF.Gather.RingCount:4                 ; medium number of samples when gathering]]
[2026.06.01-03.30.31:552][  0]LogConfig: Setting CVar [[r.DOF.Scatter.ForegroundCompositing:1    ; additive foreground scattering]]
[2026.06.01-03.30.31:552][  0]LogConfig: Setting CVar [[r.DOF.Scatter.BackgroundCompositing:2    ; additive background scattering]]
[2026.06.01-03.30.31:552][  0]LogConfig: Setting CVar [[r.DOF.Scatter.EnableBokehSettings:1      ; bokeh simulation when scattering]]
[2026.06.01-03.30.31:552][  0]LogConfig: Setting CVar [[r.DOF.Scatter.MaxSpriteRatio:0.1         ; only a maximum of 10% of scattered bokeh]]
[2026.06.01-03.30.31:552][  0]LogConfig: Setting CVar [[r.DOF.Recombine.Quality:1                ; cheap slight out of focus]]
[2026.06.01-03.30.31:552][  0]LogConfig: Setting CVar [[r.DOF.Recombine.EnableBokehSettings:0    ; no bokeh simulation on slight out of focus]]
[2026.06.01-03.30.31:552][  0]LogConfig: Setting CVar [[r.DOF.TemporalAAQuality:1                ; more stable temporal accumulation]]
[2026.06.01-03.30.31:552][  0]LogConfig: Setting CVar [[r.DOF.Kernel.MaxForegroundRadius:0.025]]
[2026.06.01-03.30.31:552][  0]LogConfig: Setting CVar [[r.DOF.Kernel.MaxBackgroundRadius:0.025]]
[2026.06.01-03.30.31:552][  0]LogConfig: Applying CVar settings from Section [TextureQuality@3] File [D:/PROYECTOS/Pruebas/LABS/villa/Tarea-1-Villarroel-Roncal-Sebastian-Rodolfo-master/Saved/Config/Windows/Scalability.ini]
[2026.06.01-03.30.31:552][  0]LogConfig: Setting CVar [[r.Streaming.MipBias:0]]
[2026.06.01-03.30.31:552][  0]LogConfig: Setting CVar [[r.Streaming.AmortizeCPUToGPUCopy:0]]
[2026.06.01-03.30.31:552][  0]LogConfig: Setting CVar [[r.Streaming.MaxNumTexturesToStreamPerFrame:0]]
[2026.06.01-03.30.31:552][  0]LogConfig: Setting CVar [[r.Streaming.Boost:1]]
[2026.06.01-03.30.31:552][  0]LogConfig: Setting CVar [[r.MaxAnisotropy:8]]
[2026.06.01-03.30.31:552][  0]LogConfig: Setting CVar [[r.VT.MaxAnisotropy:8]]
[2026.06.01-03.30.31:552][  0]LogConfig: Setting CVar [[r.Streaming.LimitPoolSizeToVRAM:0]]
[2026.06.01-03.30.31:552][  0]LogConfig: Setting CVar [[r.Streaming.PoolSize:1000]]
[2026.06.01-03.30.31:552][  0]LogConfig: Setting CVar [[r.Streaming.MaxEffectiveScreenSize:0]]
[2026.06.01-03.30.31:552][  0]LogConfig: Applying CVar settings from Section [EffectsQuality@3] File [D:/PROYECTOS/Pruebas/LABS/villa/Tarea-1-Villarroel-Roncal-Sebastian-Rodolfo-master/Saved/Config/Windows/Scalability.ini]
[2026.06.01-03.30.31:552][  0]LogConfig: Setting CVar [[r.TranslucencyLightingVolumeDim:64]]
[2026.06.01-03.30.31:552][  0]LogConfig: Setting CVar [[r.RefractionQuality:2]]
[2026.06.01-03.30.31:552][  0]LogConfig: Setting CVar [[r.SSR.Quality:3]]
[2026.06.01-03.30.31:552][  0]LogConfig: Setting CVar [[r.SSR.HalfResSceneColor:0]]
[2026.06.01-03.30.31:552][  0]LogConfig: Setting CVar [[r.SceneColorFormat:4]]
[2026.06.01-03.30.31:552][  0]LogConfig: Setting CVar [[r.DetailMode:2]]
[2026.06.01-03.30.31:552][  0]LogConfig: Setting CVar [[r.TranslucencyVolumeBlur:1]]
[2026.06.01-03.30.31:552][  0]LogConfig: Setting CVar [[r.MaterialQualityLevel:1 ; High quality]]
[2026.06.01-03.30.31:552][  0]LogConfig: Setting CVar [[r.AnisotropicMaterials:1]]
[2026.06.01-03.30.31:552][  0]LogConfig: Setting CVar [[r.SSS.Scale:1]]
[2026.06.01-03.30.31:552][  0]LogConfig: Setting CVar [[r.SSS.SampleSet:2]]
[2026.06.01-03.30.31:553][  0]LogConfig: Setting CVar [[r.SSS.Quality:1]]
[2026.06.01-03.30.31:553][  0]LogConfig: Setting CVar [[r.SSS.HalfRes:0]]
[2026.06.01-03.30.31:553][  0]LogConfig: Setting CVar [[r.SSGI.Quality:3]]
[2026.06.01-03.30.31:553][  0]LogConfig: Setting CVar [[r.EmitterSpawnRateScale:1.0]]
[2026.06.01-03.30.31:553][  0]LogConfig: Setting CVar [[r.ParticleLightQuality:2]]
[2026.06.01-03.30.31:553][  0]LogConfig: Setting CVar [[r.SkyAtmosphere.AerialPerspectiveLUT.FastApplyOnOpaque:1 ; Always have FastSkyLUT 1 in this case to avoid wrong sky]]
[2026.06.01-03.30.31:553][  0]LogConfig: Setting CVar [[r.SkyAtmosphere.AerialPerspectiveLUT.SampleCountMaxPerSlice:4]]
[2026.06.01-03.30.31:553][  0]LogConfig: Setting CVar [[r.SkyAtmosphere.AerialPerspectiveLUT.DepthResolution:16.0]]
[2026.06.01-03.30.31:553][  0]LogConfig: Setting CVar [[r.SkyAtmosphere.FastSkyLUT:1]]
[2026.06.01-03.30.31:553][  0]LogConfig: Setting CVar [[r.SkyAtmosphere.FastSkyLUT.SampleCountMin:4.0]]
[2026.06.01-03.30.31:553][  0]LogConfig: Setting CVar [[r.SkyAtmosphere.FastSkyLUT.SampleCountMax:128.0]]
[2026.06.01-03.30.31:553][  0]LogConfig: Setting CVar [[r.SkyAtmosphere.SampleCountMin:4.0]]
[2026.06.01-03.30.31:553][  0]LogConfig: Setting CVar [[r.SkyAtmosphere.SampleCountMax:128.0]]
[2026.06.01-03.30.31:553][  0]LogConfig: Setting CVar [[r.SkyAtmosphere.TransmittanceLUT.UseSmallFormat:0]]
[2026.06.01-03.30.31:553][  0]LogConfig: Setting CVar [[r.SkyAtmosphere.TransmittanceLUT.SampleCount:10.0]]
[2026.06.01-03.30.31:553][  0]LogConfig: Setting CVar [[r.SkyAtmosphere.MultiScatteringLUT.SampleCount:15.0]]
[2026.06.01-03.30.31:553][  0]LogConfig: Setting CVar [[r.SkyLight.RealTimeReflectionCapture:1]]
[2026.06.01-03.30.31:553][  0]LogConfig: Applying CVar settings from Section [FoliageQuality@3] File [D:/PROYECTOS/Pruebas/LABS/villa/Tarea-1-Villarroel-Roncal-Sebastian-Rodolfo-master/Saved/Config/Windows/Scalability.ini]
[2026.06.01-03.30.31:553][  0]LogConfig: Setting CVar [[foliage.DensityScale:1.0]]
[2026.06.01-03.30.31:553][  0]LogConfig: Setting CVar [[grass.DensityScale:1.0]]
[2026.06.01-03.30.31:553][  0]LogConfig: Applying CVar settings from Section [ShadingQuality@3] File [D:/PROYECTOS/Pruebas/LABS/villa/Tarea-1-Villarroel-Roncal-Sebastian-Rodolfo-master/Saved/Config/Windows/Scalability.ini]
[2026.06.01-03.30.31:553][  0]LogConfig: Setting CVar [[r.HairStrands.SkyLighting.IntegrationType:2]]
[2026.06.01-03.30.31:553][  0]LogConfig: Setting CVar [[r.HairStrands.SkyAO.SampleCount:4]]
[2026.06.01-03.30.31:553][  0]LogConfig: Setting CVar [[r.HairStrands.Visibility.MSAA.SamplePerPixel:4]]
[2026.06.01-03.30.31:553][  0]LogConfig: Applying CVar settings from Section [Startup] File [../../../Engine/Config/ConsoleVariables.ini]
[2026.06.01-03.30.31:553][  0]LogConfig: Setting CVar [[net.UseAdaptiveNetUpdateFrequency:0]]
[2026.06.01-03.30.31:554][  0]LogConfig: Setting CVar [[p.chaos.AllowCreatePhysxBodies:1]]
[2026.06.01-03.30.31:554][  0]LogConfig: Setting CVar [[fx.SkipVectorVMBackendOptimizations:1]]
[2026.06.01-03.30.31:554][  0]LogConfig: Applying CVar settings from Section [ConsoleVariables] File [D:/PROYECTOS/Pruebas/LABS/villa/Tarea-1-Villarroel-Roncal-Sebastian-Rodolfo-master/Saved/Config/Windows/Engine.ini]
[2026.06.01-03.30.31:554][  0]LogConfig: Applying CVar settings from Section [ConsoleVariables] File [D:/PROYECTOS/Pruebas/LABS/villa/Tarea-1-Villarroel-Roncal-Sebastian-Rodolfo-master/Saved/Config/Windows/Editor.ini]
[2026.06.01-03.30.31:554][  0]LogInit: Computer: DESKTOP-2HQ6C1U
[2026.06.01-03.30.31:554][  0]LogInit: User: Huser
[2026.06.01-03.30.31:554][  0]LogInit: CPU Page size=4096, Cores=8
[2026.06.01-03.30.31:554][  0]LogInit: High frequency timer resolution =10.000000 MHz
[2026.06.01-03.30.31:554][  0]LogMemory: Memory total: Physical=15.9GB (16GB approx)
[2026.06.01-03.30.31:554][  0]LogMemory: Platform Memory Stats for Windows
[2026.06.01-03.30.31:554][  0]LogMemory: Process Physical Memory: 144.89 MB used, 144.89 MB peak
[2026.06.01-03.30.31:554][  0]LogMemory: Process Virtual Memory: 129.21 MB used, 129.21 MB peak
[2026.06.01-03.30.31:554][  0]LogMemory: Physical Memory: 8612.54 MB used,  7707.16 MB free, 16319.70 MB total
[2026.06.01-03.30.31:554][  0]LogMemory: Virtual Memory: 134209976.00 MB used,  7755.00 MB free, 134217728.00 MB total
[2026.06.01-03.30.31:564][  0]LogWindows: WindowsPlatformFeatures enabled
[2026.06.01-03.30.31:644][  0]LogInit: Physics initialised using underlying interface: PhysX
[2026.06.01-03.30.31:645][  0]LogInit: Using OS detected language (es-ES).
[2026.06.01-03.30.31:645][  0]LogInit: Using OS detected locale (es-BO).
[2026.06.01-03.30.31:656][  0]LogTextLocalizationManager: No specific localization for 'es-ES' exists, so the 'es' localization will be used.
[2026.06.01-03.30.31:710][  0]LogInit: Setting process to per monitor DPI aware
[2026.06.01-03.30.31:729][  0]LogWindowsTextInputMethodSystem: Display: IME system deactivated.
[2026.06.01-03.30.31:752][  0]LogSlate: New Slate User Created.  User Index 0, Is Virtual User: 0
[2026.06.01-03.30.31:752][  0]LogSlate: Slate User Registered.  User Index 0, Is Virtual User: 0
[2026.06.01-03.30.32:014][  0]LogD3D11RHI: Loaded GFSDK_Aftermath_Lib.x64.dll
[2026.06.01-03.30.32:023][  0]LogHMD: Failed to initialize OpenVR with code 110
[2026.06.01-03.30.32:024][  0]LogD3D11RHI: D3D11 min allowed feature level: 11_0
[2026.06.01-03.30.32:024][  0]LogD3D11RHI: D3D11 max allowed feature level: 11_0
[2026.06.01-03.30.32:024][  0]LogD3D11RHI: D3D11 adapters:
[2026.06.01-03.30.32:383][  0]LogD3D11RHI:    0. 'NVIDIA GeForce GTX 1660 Ti' (Feature Level 11_0)
[2026.06.01-03.30.32:383][  0]LogD3D11RHI:       5966/0/8159 MB DedicatedVideo/DedicatedSystem/SharedSystem, Outputs:1, VendorId:0x10de
[2026.06.01-03.30.32:386][  0]LogD3D11RHI:    1. 'Microsoft Basic Render Driver' (Feature Level 11_0)
[2026.06.01-03.30.32:386][  0]LogD3D11RHI:       0/0/8159 MB DedicatedVideo/DedicatedSystem/SharedSystem, Outputs:0, VendorId:0x1414
[2026.06.01-03.30.32:386][  0]LogD3D11RHI: Chosen D3D11 Adapter:
[2026.06.01-03.30.32:386][  0]LogD3D11RHI:     Description : NVIDIA GeForce GTX 1660 Ti
[2026.06.01-03.30.32:386][  0]LogD3D11RHI:     VendorId    : 10de
[2026.06.01-03.30.32:386][  0]LogD3D11RHI:     DeviceId    : 2182
[2026.06.01-03.30.32:387][  0]LogD3D11RHI:     SubSysId    : 375a1462
[2026.06.01-03.30.32:387][  0]LogD3D11RHI:     Revision    : 00a1
[2026.06.01-03.30.32:387][  0]LogD3D11RHI:     DedicatedVideoMemory : 6255804416 bytes
[2026.06.01-03.30.32:387][  0]LogD3D11RHI:     DedicatedSystemMemory : 0 bytes
[2026.06.01-03.30.32:387][  0]LogD3D11RHI:     SharedSystemMemory : 8556222464 bytes
[2026.06.01-03.30.32:387][  0]LogD3D11RHI:     AdapterLuid : 0 57105
[2026.06.01-03.30.32:398][  0]LogD3D11RHI: Creating new Direct3DDevice
[2026.06.01-03.30.32:398][  0]LogD3D11RHI:     GPU DeviceId: 0x2182 (for the marketing name, search the web for "GPU Device Id")
[2026.06.01-03.30.32:398][  0]LogWindows: EnumDisplayDevices:
[2026.06.01-03.30.32:398][  0]LogWindows:    0. 'NVIDIA GeForce GTX 1660 Ti' (P:1 D:1)
[2026.06.01-03.30.32:398][  0]LogWindows:    1. 'NVIDIA GeForce GTX 1660 Ti' (P:0 D:0)
[2026.06.01-03.30.32:399][  0]LogWindows:    2. 'NVIDIA GeForce GTX 1660 Ti' (P:0 D:0)
[2026.06.01-03.30.32:399][  0]LogWindows:    3. 'NVIDIA GeForce GTX 1660 Ti' (P:0 D:0)
[2026.06.01-03.30.32:399][  0]LogWindows: DebugString: FoundDriverCount:4 
[2026.06.01-03.30.32:399][  0]LogD3D11RHI:     Adapter Name: NVIDIA GeForce GTX 1660 Ti
[2026.06.01-03.30.32:400][  0]LogD3D11RHI:   Driver Version: 581.57 (internal:32.0.15.8157, unified:581.57)
[2026.06.01-03.30.32:400][  0]LogD3D11RHI:      Driver Date: 10-9-2025
[2026.06.01-03.30.32:400][  0]LogRHI: Texture pool is 4176 MB (70% of 5966 MB)
[2026.06.01-03.30.32:400][  0]LogD3D11RHI: Creating D3DDevice using adapter:
[2026.06.01-03.30.32:400][  0]LogD3D11RHI:     Description : NVIDIA GeForce GTX 1660 Ti
[2026.06.01-03.30.32:400][  0]LogD3D11RHI:     VendorId    : 10de
[2026.06.01-03.30.32:400][  0]LogD3D11RHI:     DeviceId    : 2182
[2026.06.01-03.30.32:400][  0]LogD3D11RHI:     SubSysId    : 375a1462
[2026.06.01-03.30.32:400][  0]LogD3D11RHI:     Revision    : 00a1
[2026.06.01-03.30.32:400][  0]LogD3D11RHI:     DedicatedVideoMemory : 6255804416 bytes
[2026.06.01-03.30.32:400][  0]LogD3D11RHI:     DedicatedSystemMemory : 0 bytes
[2026.06.01-03.30.32:400][  0]LogD3D11RHI:     SharedSystemMemory : 8556222464 bytes
[2026.06.01-03.30.32:400][  0]LogD3D11RHI:     AdapterLuid : 0 57105
[2026.06.01-03.30.32:648][  0]LogD3D11RHI: RHI has support for 64 bit atomics
[2026.06.01-03.30.32:649][  0]LogD3D11RHI: Async texture creation enabled
[2026.06.01-03.30.32:649][  0]LogD3D11RHI: Array index from any shader is supported
[2026.06.01-03.30.32:669][  0]LogD3D11RHI: GPU Timing Frequency: 1000.000000 (Debug: 2 1)
[2026.06.01-03.30.32:759][  0]LogRHI: GeForceNow SDK initialized: 1
[2026.06.01-03.30.33:371][  0]LogTargetPlatformManager: Display: Loaded TargetPlatform 'AllDesktop'
[2026.06.01-03.30.33:408][  0]LogTargetPlatformManager: Display: Loaded TargetPlatform 'Android'
[2026.06.01-03.30.33:408][  0]LogTargetPlatformManager: Display: Loaded TargetPlatform 'Android_ASTC'
[2026.06.01-03.30.33:408][  0]LogTargetPlatformManager: Display: Loaded TargetPlatform 'Android_DXT'
[2026.06.01-03.30.33:408][  0]LogTargetPlatformManager: Display: Loaded TargetPlatform 'Android_ETC2'
[2026.06.01-03.30.33:408][  0]LogTargetPlatformManager: Display: Loaded TargetPlatform 'AndroidClient'
[2026.06.01-03.30.33:408][  0]LogTargetPlatformManager: Display: Loaded TargetPlatform 'Android_ASTCClient'
[2026.06.01-03.30.33:408][  0]LogTargetPlatformManager: Display: Loaded TargetPlatform 'Android_DXTClient'
[2026.06.01-03.30.33:408][  0]LogTargetPlatformManager: Display: Loaded TargetPlatform 'Android_ETC2Client'
[2026.06.01-03.30.33:408][  0]LogTargetPlatformManager: Display: Loaded TargetPlatform 'Android_Multi'
[2026.06.01-03.30.33:408][  0]LogTargetPlatformManager: Display: Loaded TargetPlatform 'Android_MultiClient'
[2026.06.01-03.30.33:460][  0]LogTargetPlatformManager: Display: Loaded TargetPlatform 'IOSClient'
[2026.06.01-03.30.33:460][  0]LogTargetPlatformManager: Display: Loaded TargetPlatform 'IOS'
[2026.06.01-03.30.33:477][  0]LogTargetPlatformManager: Display: Loaded TargetPlatform 'Linux'
[2026.06.01-03.30.33:491][  0]LogTargetPlatformManager: Display: Loaded TargetPlatform 'LinuxNoEditor'
[2026.06.01-03.30.33:501][  0]LogTargetPlatformManager: Display: Loaded TargetPlatform 'LinuxClient'
[2026.06.01-03.30.33:514][  0]LogTargetPlatformManager: Display: Loaded TargetPlatform 'LinuxServer'
[2026.06.01-03.30.33:534][  0]LogTargetPlatformManager: Display: Loaded TargetPlatform 'LinuxAArch64NoEditor'
[2026.06.01-03.30.33:542][  0]LogTargetPlatformManager: Display: Loaded TargetPlatform 'LinuxAArch64Client'
[2026.06.01-03.30.33:549][  0]LogTargetPlatformManager: Display: Loaded TargetPlatform 'LinuxAArch64Server'
[2026.06.01-03.30.33:589][  0]LogTargetPlatformManager: Display: Loaded TargetPlatform 'Lumin'
[2026.06.01-03.30.33:589][  0]LogTargetPlatformManager: Display: Loaded TargetPlatform 'LuminClient'
[2026.06.01-03.30.33:604][  0]LogTargetPlatformManager: Display: Loaded TargetPlatform 'MacNoEditor'
[2026.06.01-03.30.33:611][  0]LogTargetPlatformManager: Display: Loaded TargetPlatform 'Mac'
[2026.06.01-03.30.33:625][  0]LogTargetPlatformManager: Display: Loaded TargetPlatform 'MacClient'
[2026.06.01-03.30.33:639][  0]LogTargetPlatformManager: Display: Loaded TargetPlatform 'MacServer'
[2026.06.01-03.30.33:675][  0]LogTargetPlatformManager: Display: Loaded TargetPlatform 'TVOSClient'
[2026.06.01-03.30.33:675][  0]LogTargetPlatformManager: Display: Loaded TargetPlatform 'TVOS'
[2026.06.01-03.30.33:706][  0]LogTargetPlatformManager: Display: Loaded TargetPlatform 'WindowsNoEditor'
[2026.06.01-03.30.33:713][  0]LogTargetPlatformManager: Display: Loaded TargetPlatform 'Windows'
[2026.06.01-03.30.33:727][  0]LogTargetPlatformManager: Display: Loaded TargetPlatform 'WindowsClient'
[2026.06.01-03.30.33:738][  0]LogTargetPlatformManager: Display: Loaded TargetPlatform 'WindowsServer'
[2026.06.01-03.30.33:738][  0]LogTargetPlatformManager: Display: Building Assets For Windows
[2026.06.01-03.30.33:751][  0]LogAudioDebug: Display: Lib vorbis DLL was dynamically loaded.
[2026.06.01-03.30.33:824][  0]LogTextureFormatOodle: Display: Oodle Texture 2.9.0 init RDO Off
[2026.06.01-03.30.33:892][  0]LogRendererCore: Ray tracing is disabled. Reason: r.RayTracing=0.
[2026.06.01-03.30.33:892][  0]LogShaderCompilers: Guid format shader working directory is -37 characters bigger than the processId version (D:/PROYECTOS/Pruebas/LABS/villa/Tarea-1-Villarroel-Roncal-Sebastian-Rodolfo-master/Intermediate/Shaders/WorkingDirectory/17576/).
[2026.06.01-03.30.33:892][  0]LogShaderCompilers: Cleaned the shader compiler working directory 'C:/Users/Huser/AppData/Local/Temp/UnrealShaderWorkingDir/CA4A347C41A44B36F3F38BAE69ABFAE0/'.
[2026.06.01-03.30.33:893][  0]LogXGEController: Cannot use XGE Controller as Incredibuild is not installed on this machine.
[2026.06.01-03.30.33:893][  0]LogShaderCompilers: Cannot use XGE Shader Compiler as Incredibuild is not installed on this machine.
[2026.06.01-03.30.33:893][  0]LogShaderCompilers: Display: Using Local Shader Compiler.
[2026.06.01-03.30.35:305][  0]LogDerivedDataCache: Display: Max Cache Size: 512 MB
[2026.06.01-03.30.35:421][  0]LogDerivedDataCache: Loaded boot cache 0.12s 95MB C:/Users/Huser/AppData/Local/UnrealEngine/4.27/DerivedDataCache/Boot.ddc.
[2026.06.01-03.30.35:421][  0]LogDerivedDataCache: Display: Loaded Boot cache: C:/Users/Huser/AppData/Local/UnrealEngine/4.27/DerivedDataCache/Boot.ddc
[2026.06.01-03.30.35:421][  0]LogDerivedDataCache: FDerivedDataBackendGraph:  Pak pak cache file D:/PROYECTOS/Pruebas/LABS/villa/Tarea-1-Villarroel-Roncal-Sebastian-Rodolfo-master/DerivedDataCache/DDC.ddp not found, will not use a pak cache.
[2026.06.01-03.30.35:421][  0]LogDerivedDataCache: Unable to find inner node Pak for hierarchical cache Hierarchy.
[2026.06.01-03.30.35:421][  0]LogDerivedDataCache: FDerivedDataBackendGraph:  CompressedPak pak cache file D:/PROYECTOS/Pruebas/LABS/villa/Tarea-1-Villarroel-Roncal-Sebastian-Rodolfo-master/DerivedDataCache/Compressed.ddp not found, will not use a pak cache.
[2026.06.01-03.30.35:421][  0]LogDerivedDataCache: Unable to find inner node CompressedPak for hierarchical cache Hierarchy.
[2026.06.01-03.30.35:457][  0]LogDerivedDataCache: Display: Pak cache opened for reading ../../../Engine/DerivedDataCache/Compressed.ddp.
[2026.06.01-03.30.35:457][  0]LogDerivedDataCache: FDerivedDataBackendGraph:  EnterprisePak pak cache file ../../../Enterprise/DerivedDataCache/Compressed.ddp not found, will not use a pak cache.
[2026.06.01-03.30.35:457][  0]LogDerivedDataCache: Unable to find inner node EnterprisePak for hierarchical cache Hierarchy.
[2026.06.01-03.30.35:470][  0]LogDerivedDataCache: Speed tests for C:/Users/Huser/AppData/Local/UnrealEngine/Common/DerivedDataCache took 0.01 seconds
[2026.06.01-03.30.35:470][  0]LogDerivedDataCache: Display: Performance to C:/Users/Huser/AppData/Local/UnrealEngine/Common/DerivedDataCache: Latency=0.05ms. RandomReadSpeed=493.70MBs, RandomWriteSpeed=87.87MBs. Assigned SpeedClass 'Local'
[2026.06.01-03.30.35:472][  0]LogDerivedDataCache: Using Local data cache path C:/Users/Huser/AppData/Local/UnrealEngine/Common/DerivedDataCache: Writable
[2026.06.01-03.30.35:472][  0]LogDerivedDataCache: Shared data cache path not found in *engine.ini, will not use an Shared cache.
[2026.06.01-03.30.35:472][  0]LogDerivedDataCache: Unable to find inner node Shared for hierarchical cache Hierarchy.
[2026.06.01-03.30.35:577][  0]LogSlate: Using FreeType 2.10.0
[2026.06.01-03.30.35:578][  0]LogSlate: SlateFontServices - WITH_FREETYPE: 1, WITH_HARFBUZZ: 1
[2026.06.01-03.30.35:646][  0]LogAssetRegistry: FAssetRegistry took 0.0082 seconds to start up
[2026.06.01-03.30.36:060][  0]LogInit: Selected Device Profile: [Windows]
[2026.06.01-03.30.36:060][  0]LogInit: Active device profile: [000001A03D64CE00][000001A03BA6C440 49] Windows
[2026.06.01-03.30.36:060][  0]LogInit: Profiles: [000001A03D64CE00][000001A03BA6C440 49] Windows, [000001A03D642300][000001A03CC285C0 49] WindowsNoEditor, [000001A03D64DD00][000001A03CC2C740 49] WindowsServer, [000001A03D643100][000001A03D2728C0 49] WindowsClient, [000001A03D64EA00][000001A03BA70A00 49] IOS, [000001A03D643700][000001A03D276B40 49] iPadAir, [000001A03D64D500][000001A03D27EC80 49] iPadAir2, [000001A03D5C9300][000001A03D28EF00 49] IPadPro, [000001A03D5C9400][000001A03D282F40 49] iPadAir3, [000001A03D641900][000001A03D2930C0 49] iPadAir4, [000001A03D5CA000][000001A03D297240 49] iPadMini2, [000001A03D643000][000001A03D29B3C0 49] iPadMini3, [000001A03D5CAA00][000001A03D29F540 49] iPadMini4, [000001A03D640F00][000001A03D2A36C0 49] iPadMini5, [000001A03D5ECC00][000001A03D287980 49] iPhone6, [000001A03D5ECD00][000001A03D27B9C0 49] iPodTouch6, [000001A03D64F700][000001A03D2AA100 49] iPhone7, [000001A03D64E700][000001A03D2A6140 49] iPodTouch7, [000001A03D5CBC00][000001A0391322C0 49] iPhone5S, [000001A03D5C8100][000001A039136440 49] iPhone6Plus, [000001A03D5EFF00][000001A03913A5C0 49] iPhone6S, [000001A03D5C8500][000001A03913E740 49] iPhone6SPlus, [000001A03D5EE700][000001A0391428C0 49] iPhone7Plus, [000001A03D5C9A00][000001A03CBA0A40 49] iPhoneSE, [000001A03D5EE900][000001A03D28AB80 49] iPhone8, [000001A03D5CAE00][000001A03CE9CCC0 49] iPhone8Plus, [000001A03D5EE400][000001A03BA82E00 49] iPhoneX, [000001A03D64D400][000001A03BA86F40 49] iPhoneXS, [000001A03D5EF500][000001A03CBA90C0 49] iPhoneXSMax, [000001A03D64D900][000001A03CBAD240 49] iPhoneXR, [000001A03D5ECB00][000001A03CBB13C0 49] iPhone11, [000001A03D64F600][000001A03CBB5540 49] iPhone11Pro, [000001A03D5EE100][000001A03CBB96C0 49] iPhone11ProMax, [000001A03D64EB00][000001A03CBBD840 49] iPhoneSE2, [000001A03D5EFD00][000001A03CBC19C0 49] iPhone12Mini, [000001A03D64FB00][000001A03CBC5B40 49] iPhone12, [000001A03D5ED300][000001A03CBC8140 49] iPhone12Pro, [000001A03D64D300][000001A03CBCC2C0 49] iPhone12ProMax, [000001A03D5ED100][000001A03CBD0440 49] iPadPro105, [000001A03D64C300][000001A03CBD45C0 49] iPadPro129, [000001A03D5EC500][000001A03CBD8740 49] iPadPro97, [000001A03D64F000][000001A03CBDC8C0 49] iPadPro2_129, [000001A03D5EE000][000001A03B91AA40 49] iPad5, [000001A03D64FA00][000001A03B91EBC0 49] iPad6, [000001A03D5EFC00][000001A03B922D40 49] iPad7, [000001A03D64EF00][000001A03CBA4E80 49] iPad8, [000001A03D5EC800][000001A03B926FC0 49] iPadPro11, [000001A03D64DB00][000001A03B92B100 49] iPadPro2_11, [000001A03D5EDA00][000001A03B933280 49] iPadPro3_129, [000001A03D64FC00][000001A03B937400 49] iPadPro4_129, [000001A03D5EF100][000001A03B93B580 49] AppleTV, [000001A03D64DE00][000001A03B93F700 49] AppleTV4K, [000001A03D5EC200][000001A03B943880 49] TVOS, [000001A03D64DC00][000001A03B947A00 49] Mac, [000001A03D5ED900][000001A03B94BB80 49] MacClient, [000001A03D64E800][000001A03B94E180 49] MacNoEditor, [000001A03D5EC600][000001A03B952300 49] MacServer, [000001A03D64CA00][000001A03B956480 49] Linux, [000001A03D5EC900][000001A03B95A600 49] LinuxAArch64, [000001A03D64E200][000001A03B95E780 49] LinuxNoEditor, [000001A03D5EFE00][000001A03B962900 49] LinuxAArch64NoEditor, [000001A03D64F400][000001A03B966A80 49] LinuxClient, [000001A03D5EF900][000001A03E2C0C00 49] LinuxAArch64Client, [000001A03D64F500][000001A03E2C4D80 49] LinuxServer, [000001A03D5EDC00][000001A03E2C8F00 49] LinuxAArch64Server, [000001A03D64FD00][000001A03B92F040 49] Android, [000001A03D5ED700][000001A03E2CD180 49] Android_Low, [000001A03D64D200][000001A03E2D12C0 49] Android_Mid, [000001A03D5ED500][000001A03E2D9440 49] Android_High, [000001A03D64C800][000001A03E2DD5C0 49] Android_Default, [000001A03D5EDB00][000001A03E2E1740 49] Android_Adreno4xx, [000001A03D64C600][000001A03E2E58C0 49] Android_Adreno5xx_Low, [000001A03D5EF400][000001A03E2E9A40 49] Android_Adreno5xx, [000001A03D5C8600][000001A03E2EDBC0 49] Android_Adreno6xx, [000001A03D642B00][000001A03E2F01C0 49] Android_Adreno6xx_Vulkan, [000001A03D5CB000][000001A03E2F4340 49] Android_Mali_T6xx, [000001A03D642900][000001A03E2F84C0 49] Android_Mali_T7xx, [000001A03D5CB400][000001A03E2FC640 49] Android_Mali_T8xx, [000001A03D640D00][000001A03E3007C0 49] Android_Mali_G71, [000001A03D5C9500][000001A03E304940 49] Android_Mali_G72, [000001A03D640100][000001A03E308AC0 49] Android_Mali_G72_Vulkan, [000001A03D5CA600][000001A03E30CC40 49] Android_Mali_G76, [000001A03D641400][000001A03E310DC0 49] Android_Mali_G76_Vulkan, [000001A03D5CA900][000001A03E314F40 49] Android_Mali_G77, [000001A03D643F00][000001A03E3190C0 49] Android_Mali_G77_Vulkan, [000001A03D5CA800][000001A03E2D5200 49] Android_Mali_G78, [000001A03D642200][000001A03E31D340 49] Android_Mali_G78_Vulkan, [000001A03D5CB300][000001A03E321480 49] Android_Mali_G710, [000001A03D640400][000001A03E3255C0 49] Android_Mali_G710_Vulkan, [000001A03D5C8900][000001A03E32D740 49] Android_Vulkan_SM5, [000001A03D642D00][000001A03E36B8C0 49] Android_PowerVR_G6xxx, [000001A03D5CAD00][000001A03E36FA40 49] Android_PowerVR_GT7xxx, [000001A03D642700][000001A03E373BC0 49] Android_PowerVR_GE8xxx, [000001A03D5C9600][000001A03E3761C0 49] Android_PowerVR_GM9xxx, [000001A03D642E00][000001A03E37A340 49] Android_PowerVR_GM9xxx_Vulkan, [000001A03D5CBD00][000001A03E37E4C0 49] Android_TegraK1, [000001A03D640200][000001A03E382640 49] Android_Unknown_Vulkan, [000001A03D5CAB00][000001A03E3867C0 49] Lumin, [000001A03D642A00][000001A03E38A940 49] Lumin_Desktop, [000001A03D5CB200][000001A03E38EAC0 49] HoloLens, 
[2026.06.01-03.30.36:321][  0]LogMeshReduction: Using QuadricMeshReduction for automatic static mesh reduction
[2026.06.01-03.30.36:321][  0]LogMeshReduction: Using SimplygonMeshReduction for automatic skeletal mesh reduction
[2026.06.01-03.30.36:321][  0]LogMeshReduction: Using ProxyLODMeshReduction for automatic mesh merging
[2026.06.01-03.30.36:321][  0]LogMeshReduction: No distributed automatic mesh merging module available
[2026.06.01-03.30.36:321][  0]LogMeshMerging: No distributed automatic mesh merging module available
[2026.06.01-03.30.36:345][  0]LogNetVersion: NavesLAB01USFX 1.0.0, NetCL: 17155196, EngineNetVer: 17, GameNetVer: 0 (Checksum: 146328474)
[2026.06.01-03.30.36:998][  0]LogTexture: Default maximum texture size for cubemaps generated from long-lat sources has been changed from 512 to unlimited. In order to preserve old behaiour for '/Engine/MapTemplates/Sky/DaylightAmbientCubemap.DaylightAmbientCubemap', its maximum texture size has been explicitly set to 512.
[2026.06.01-03.30.37:096][  0]LogHMD: PokeAHoleMaterial loaded successfully
[2026.06.01-03.30.37:104][  0]LogUObjectArray: 17178 objects as part of root set at end of initial load.
[2026.06.01-03.30.37:104][  0]LogUObjectAllocator: 4302048 out of 0 bytes used by permanent object pool.
[2026.06.01-03.30.37:104][  0]LogUObjectArray: CloseDisregardForGC: 0/0 objects in disregard for GC pool
[2026.06.01-03.30.37:710][  0]LogNiagaraDebuggerClient: Niagara Debugger Client Initialized | Session: 0A1B7F354FD4D6A94E54EFAB5AA758A0 | Instance: 6C75788140C94BC9C4E1708B85509995 (DESKTOP-2HQ6C1U-17576).
[2026.06.01-03.30.37:769][  0]LogPython: Using Python 3.7.7
[2026.06.01-03.30.38:990][  0]LogTcpMessaging: Initializing TcpMessaging bridge
[2026.06.01-03.30.38:998][  0]LogUdpMessaging: Initializing bridge on interface 0.0.0.0:0 to multicast group 230.0.0.1:6666.
[2026.06.01-03.30.39:481][  0]SourceControl: El control de código fuente está desactivado
[2026.06.01-03.30.39:482][  0]SourceControl: El control de código fuente está desactivado
[2026.06.01-03.30.39:501][  0]SourceControl: El control de código fuente está desactivado
[2026.06.01-03.30.39:506][  0]SourceControl: El control de código fuente está desactivado
[2026.06.01-03.30.39:523][  0]SourceControl: El control de código fuente está desactivado
[2026.06.01-03.30.39:535][  0]LogUProjectInfo: Found projects:
[2026.06.01-03.30.39:893][  0]LogOpenImageDenoise: OIDN starting up
[2026.06.01-03.30.39:997][  0]LogAndroidPermission: UAndroidPermissionCallbackProxy::GetInstance
[2026.06.01-03.30.40:031][  0]LogAudioCaptureCore: Display: No Audio Capture implementations found. Audio input will be silent.
[2026.06.01-03.30.40:031][  0]LogAudioCaptureCore: Display: No Audio Capture implementations found. Audio input will be silent.
[2026.06.01-03.30.40:317][  0]LogCollectionManager: Loaded 0 collections in 0.002990 seconds
[2026.06.01-03.30.40:376][  0]LogFileCache: Scanning file cache for directory 'D:/PROYECTOS/Pruebas/LABS/villa/Tarea-1-Villarroel-Roncal-Sebastian-Rodolfo-master/Saved/Collections/' took 0.00s
[2026.06.01-03.30.40:376][  0]LogFileCache: Scanning file cache for directory 'D:/PROYECTOS/Pruebas/LABS/villa/Tarea-1-Villarroel-Roncal-Sebastian-Rodolfo-master/Content/Developers/Huser/Collections/' took 0.00s
[2026.06.01-03.30.40:376][  0]LogFileCache: Scanning file cache for directory 'D:/PROYECTOS/Pruebas/LABS/villa/Tarea-1-Villarroel-Roncal-Sebastian-Rodolfo-master/Content/Collections/' took 0.00s
[2026.06.01-03.30.40:376][  0]LogOcInput: OculusInput pre-init called
[2026.06.01-03.30.40:772][  0]LogEngine: Initializing Engine...
[2026.06.01-03.30.40:778][  0]LogHMD: Failed to enumerate extensions. Please check that you have a valid OpenXR runtime installed.
[2026.06.01-03.30.40:779][  0]LogHMD: Failed to initialize OpenVR with code 110
[2026.06.01-03.30.40:779][  0]LogMagicLeap: Warning: VR disabled because ZI is not enabled.  To enable, in the editor, Edit -> Project Settings -> Plugins -> Magic Leap Plugin -> Enable Zero Iteration
[2026.06.01-03.30.40:782][  0]LogStats: UGameplayTagsManager::InitializeManager -  0.000 s
[2026.06.01-03.30.41:054][  0]LogInit: Initializing FReadOnlyCVARCache
[2026.06.01-03.30.41:071][  0]LogAIModule: Creating AISystem for world Untitled
[2026.06.01-03.30.41:077][  0]LogAudio: Display: Initializing Audio Device Manager...
[2026.06.01-03.30.41:083][  0]LogAudio: Display: Loading Default Audio Settings Objects...
[2026.06.01-03.30.41:085][  0]LogAudio: Display: No default SoundConcurrencyObject specified (or failed to load).
[2026.06.01-03.30.41:086][  0]LogAudio: Display: Audio Device Manager Initialized
[2026.06.01-03.30.41:086][  0]LogAudio: Display: Creating Audio Device:                 Id: 1, Scope: Shared, Realtime: True
[2026.06.01-03.30.41:086][  0]LogAudioMixer: Display: Audio Mixer Platform Settings:
[2026.06.01-03.30.41:086][  0]LogAudioMixer: Display: 	Sample Rate:						  48000
[2026.06.01-03.30.41:086][  0]LogAudioMixer: Display: 	Callback Buffer Frame Size Requested: 1024
[2026.06.01-03.30.41:086][  0]LogAudioMixer: Display: 	Callback Buffer Frame Size To Use:	  1024
[2026.06.01-03.30.41:086][  0]LogAudioMixer: Display: 	Number of buffers to queue:			  2
[2026.06.01-03.30.41:086][  0]LogAudioMixer: Display: 	Max Channels (voices):				  32
[2026.06.01-03.30.41:086][  0]LogAudioMixer: Display: 	Number of Async Source Workers:		  0
[2026.06.01-03.30.41:086][  0]LogAudio: Display: AudioDevice MaxSources: 32
[2026.06.01-03.30.41:086][  0]LogAudio: Display: Audio Spatialization Plugin: None (built-in).
[2026.06.01-03.30.41:086][  0]LogAudio: Display: Audio Reverb Plugin: None (built-in).
[2026.06.01-03.30.41:086][  0]LogAudio: Display: Audio Occlusion Plugin: None (built-in).
[2026.06.01-03.30.41:087][  0]LogAudioMixer: Display: Initializing audio mixer.
[2026.06.01-03.30.41:109][  0]LogAudioMixer: Display: 0: FrontLeft
[2026.06.01-03.30.41:109][  0]LogAudioMixer: Display: 1: FrontRight
[2026.06.01-03.30.41:158][  0]LogAudioMixer: Display: Using Audio Device CABLE In 16ch (VB-Audio Virtual Cable)
[2026.06.01-03.30.41:164][  0]LogAudioMixer: Display: Initializing Sound Submixes...
[2026.06.01-03.30.41:170][  0]LogAudioMixer: Display: Creating Master Submix 'MasterSubmixDefault'
[2026.06.01-03.30.41:170][  0]LogAudioMixer: Display: Creating Master Submix 'MasterReverbSubmixDefault'
[2026.06.01-03.30.41:172][  0]LogAudioMixer: Display: Creating Master Submix 'MasterEQSubmixDefault'
[2026.06.01-03.30.41:172][  0]LogAudioMixer: FMixerPlatformXAudio2::StartAudioStream() called
[2026.06.01-03.30.41:172][  0]LogAudioMixer: Display: Output buffers initialized: Frames=1024, Channels=2, Samples=2048
[2026.06.01-03.30.41:173][  0]LogAudioMixer: Display: Starting AudioMixerPlatformInterface::RunInternal()
[2026.06.01-03.30.41:173][  0]LogAudioMixer: Display: FMixerPlatformXAudio2::SubmitBuffer() called for the first time
[2026.06.01-03.30.41:173][  0]LogInit: FAudioDevice initialized.
[2026.06.01-03.30.41:173][  0]LogAudio: Display: Audio Device (ID: 1) registered with world 'Untitled'.
[2026.06.01-03.30.41:173][  0]LogNetVersion: Set ProjectVersion to 1.0.0.0. Version Checksum will be recalculated on next use.
[2026.06.01-03.30.41:262][  0]LogDerivedDataCache: Saved boot cache 0.09s 95MB C:/Users/Huser/AppData/Local/UnrealEngine/4.27/DerivedDataCache/Boot.ddc.
[2026.06.01-03.30.41:263][  0]LogInit: Texture streaming: Enabled
[2026.06.01-03.30.41:294][  0]LogAnalytics: Display: [UEEditor.Rocket.Release] APIServer = https://datarouter.ol.epicgames.com/. AppVersion = 4.27.2-18319896+++UE4+Release-4.27
[2026.06.01-03.30.41:302][  0]LogEngineSessionManager: EngineSessionManager initialized
[2026.06.01-03.30.41:303][  0]LogEngineSessionManager: EngineSessionManager sent abnormal shutdown report. Type=Crashed, SessionId={734E1984-45D6-80F0-FF5C-94B9D3F6B05A}
[2026.06.01-03.30.41:303][  0]LogEditorSessionSummary: Verbose: Initializing EditorSessionSummaryWriter for editor session tracking
[2026.06.01-03.30.41:306][  0]LogEditorSessionSummary: EditorSessionSummaryWriter initialized
[2026.06.01-03.30.41:350][  0]LogInit: Transaction tracking system initialized
[2026.06.01-03.30.41:385][  0]BlueprintLog: New page: Cargar el editor
[2026.06.01-03.30.41:497][  0]LocalizationService: Localization service is disabled
[2026.06.01-03.30.41:538][  0]TimingProfiler: Initialize
[2026.06.01-03.30.41:538][  0]TimingProfiler: OnSessionChanged
[2026.06.01-03.30.41:538][  0]LoadingProfiler: Initialize
[2026.06.01-03.30.41:538][  0]LoadingProfiler: OnSessionChanged
[2026.06.01-03.30.41:538][  0]NetworkingProfiler: Initialize
[2026.06.01-03.30.41:538][  0]NetworkingProfiler: OnSessionChanged
[2026.06.01-03.30.41:538][  0]MemoryProfiler: Initialize
[2026.06.01-03.30.41:539][  0]MemoryProfiler: OnSessionChanged
[2026.06.01-03.30.41:789][  0]LogCook: Display: CookSettings for Memory: MemoryMaxUsedVirtual 0MiB, MemoryMaxUsedPhysical 16384MiB, MemoryMinFreeVirtual 0MiB, MemoryMinFreePhysical 1024MiB
[2026.06.01-03.30.41:789][  0]LogCook: Display: Mobile HDR setting 1
[2026.06.01-03.30.42:004][  0]LogFileCache: Scanning file cache for directory 'D:/PROYECTOS/Pruebas/LABS/villa/Tarea-1-Villarroel-Roncal-Sebastian-Rodolfo-master/Content/' took 0.00s
[2026.06.01-03.30.42:382][  0]LogInit: Display: Engine is initialized. Leaving FEngineLoop::Init()
[2026.06.01-03.30.42:387][  0]SourceControl: El control de código fuente está desactivado
[2026.06.01-03.30.42:522][  0]LogSlate: Took 0.000314 seconds to synchronously load lazily loaded font '../../../Engine/Content/Slate/Fonts/Roboto-Regular.ttf' (155K)
[2026.06.01-03.30.51:251][  0]LogSlate: Window 'Recuperar los paquetes' being destroyed
[2026.06.01-03.30.55:356][  0]LogSlate: Window '¡Imposible salir del control del código fuente!' being destroyed
[2026.06.01-03.30.55:363][  0]Message dialog closed, result: Ok, title: ¡Imposible salir del control del código fuente!, text: Los siguientes activos no se han revisado correctamente en el control del código fuente: 
/Game/TwinStickCPP/Maps/TwinStickExampleMap
[2026.06.01-03.30.55:375][  0]LogUnrealEdMisc: Loading editor; pre map load, took 25.480
[2026.06.01-03.30.55:376][  0]Cmd: MAP LOAD FILE="D:/PROYECTOS/Pruebas/LABS/villa/Tarea-1-Villarroel-Roncal-Sebastian-Rodolfo-master/Content/TwinStickCPP/Maps/TwinStickExampleMap.umap" TEMPLATE=0 SHOWPROGRESS=1 FEATURELEVEL=3
[2026.06.01-03.30.55:382][  0]LightingResults: New page: Diseñar la iluminación
[2026.06.01-03.30.55:385][  0]LogWorld: UWorld::CleanupWorld for Untitled, bSessionEnded=true, bCleanupResources=true
[2026.06.01-03.30.55:385][  0]LogSlate: InvalidateAllWidgets triggered.  All widgets were invalidated
[2026.06.01-03.30.55:385][  0]MapCheck: New page: Revisión del mapa
[2026.06.01-03.30.55:385][  0]LightingResults: New page: Diseñar la iluminación
[2026.06.01-03.30.55:392][  0]LogAudio: Display: Audio Device unregistered from world 'None'.
[2026.06.01-03.30.55:397][  0]LogUObjectHash: Compacting FUObjectHashTables data took   1.59ms
[2026.06.01-03.30.55:532][  0]LogAudio: Display: Audio Device (ID: 1) registered with world 'TwinStickExampleMap'.
[2026.06.01-03.30.55:533][  0]LogAIModule: Creating AISystem for world TwinStickExampleMap
[2026.06.01-03.30.55:570][  0]LogEditorServer: Finished looking for orphan Actors (0.000 secs)
[2026.06.01-03.30.55:586][  0]LogUObjectHash: Compacting FUObjectHashTables data took   1.63ms
[2026.06.01-03.30.55:587][  0]Cmd: MAP CHECKDEP NOCLEARLOG
[2026.06.01-03.30.55:587][  0]MapCheck: Map check complete: 0 Error(s), 0 Warning(s), took 0,186ms to complete.
[2026.06.01-03.30.55:587][  0]LogFileHelpers: Loading map 'TwinStickExampleMap' took 0.211
[2026.06.01-03.30.55:590][  0]LogUnrealEdMisc: Total Editor Startup Time, took 25.694
[2026.06.01-03.30.55:698][  0]LogSlate: Updating window title bar state: overlay mode, drag disabled, window buttons hidden, title bar hidden
[2026.06.01-03.30.55:709][  0]LogSlate: Updating window title bar state: overlay mode, drag disabled, window buttons hidden, title bar hidden
[2026.06.01-03.30.55:722][  0]LogSlate: Updating window title bar state: overlay mode, drag disabled, window buttons hidden, title bar hidden
[2026.06.01-03.30.55:732][  0]LogSlate: Updating window title bar state: overlay mode, drag disabled, window buttons hidden, title bar hidden
[2026.06.01-03.30.55:763][  0]LogNativeClassHierarchy: Verbose: Native class hierarchy populated in 0.0229 seconds. Added 3826 classes and 930 folders.
[2026.06.01-03.30.55:769][  0]LogNativeClassHierarchy: Verbose: Native class hierarchy updated for 'WidgetCarousel' in 0.0006 seconds. Added 0 classes and 0 folders.
[2026.06.01-03.30.55:773][  0]LogPakFile: PakFile PrimaryIndexSize=187
[2026.06.01-03.30.55:773][  0]LogPakFile: PakFile PathHashIndexSize=101
[2026.06.01-03.30.55:773][  0]LogPakFile: PakFile FullDirectoryIndexSize=148
[2026.06.01-03.30.55:773][  0]LogShaderLibrary: Display: ShaderCodeLibraryPakFileMountedCallback: PakFile 'C:/Program Files/Epic Games/UE_4.27/FeaturePacks/FP_FirstPerson.upack' (chunk index -1, root 'root:/') mounted
[2026.06.01-03.30.55:773][  0]LogShaderLibrary: Display: ShaderCodeLibraryPakFileMountedCallback: pending pak file info (ChunkID:-1 Root:root:/ File:C:/Program Files/Epic Games/UE_4.27/FeaturePacks/FP_FirstPerson.upack)
[2026.06.01-03.30.55:773][  0]LogPakFile: OnPakFileMounted2Time == 0.000175
[2026.06.01-03.30.55:775][  0]LogPakFile: PakFile PrimaryIndexSize=189
[2026.06.01-03.30.55:775][  0]LogPakFile: PakFile PathHashIndexSize=101
[2026.06.01-03.30.55:775][  0]LogPakFile: PakFile FullDirectoryIndexSize=152
[2026.06.01-03.30.55:775][  0]LogShaderLibrary: Display: ShaderCodeLibraryPakFileMountedCallback: PakFile 'C:/Program Files/Epic Games/UE_4.27/FeaturePacks/FP_FirstPersonBP.upack' (chunk index -1, root 'root:/') mounted
[2026.06.01-03.30.55:775][  0]LogShaderLibrary: Display: ShaderCodeLibraryPakFileMountedCallback: pending pak file info (ChunkID:-1 Root:root:/ File:C:/Program Files/Epic Games/UE_4.27/FeaturePacks/FP_FirstPersonBP.upack)
[2026.06.01-03.30.55:775][  0]LogPakFile: OnPakFileMounted2Time == 0.000142
[2026.06.01-03.30.55:776][  0]LogPakFile: PakFile PrimaryIndexSize=191
[2026.06.01-03.30.55:776][  0]LogPakFile: PakFile PathHashIndexSize=101
[2026.06.01-03.30.55:776][  0]LogPakFile: PakFile FullDirectoryIndexSize=160
[2026.06.01-03.30.55:776][  0]LogShaderLibrary: Display: ShaderCodeLibraryPakFileMountedCallback: PakFile 'C:/Program Files/Epic Games/UE_4.27/FeaturePacks/MobileStarterContent.upack' (chunk index -1, root 'root:/') mounted
[2026.06.01-03.30.55:776][  0]LogShaderLibrary: Display: ShaderCodeLibraryPakFileMountedCallback: pending pak file info (ChunkID:-1 Root:root:/ File:C:/Program Files/Epic Games/UE_4.27/FeaturePacks/MobileStarterContent.upack)
[2026.06.01-03.30.55:776][  0]LogPakFile: OnPakFileMounted2Time == 0.000124
[2026.06.01-03.30.55:778][  0]LogPakFile: PakFile PrimaryIndexSize=185
[2026.06.01-03.30.55:778][  0]LogPakFile: PakFile PathHashIndexSize=101
[2026.06.01-03.30.55:778][  0]LogPakFile: PakFile FullDirectoryIndexSize=148
[2026.06.01-03.30.55:778][  0]LogShaderLibrary: Display: ShaderCodeLibraryPakFileMountedCallback: PakFile 'C:/Program Files/Epic Games/UE_4.27/FeaturePacks/StarterContent.upack' (chunk index -1, root 'root:/') mounted
[2026.06.01-03.30.55:778][  0]LogShaderLibrary: Display: ShaderCodeLibraryPakFileMountedCallback: pending pak file info (ChunkID:-1 Root:root:/ File:C:/Program Files/Epic Games/UE_4.27/FeaturePacks/StarterContent.upack)
[2026.06.01-03.30.55:778][  0]LogPakFile: OnPakFileMounted2Time == 0.000127
[2026.06.01-03.30.55:779][  0]LogPakFile: PakFile PrimaryIndexSize=190
[2026.06.01-03.30.55:779][  0]LogPakFile: PakFile PathHashIndexSize=101
[2026.06.01-03.30.55:779][  0]LogPakFile: PakFile FullDirectoryIndexSize=154
[2026.06.01-03.30.55:779][  0]LogShaderLibrary: Display: ShaderCodeLibraryPakFileMountedCallback: PakFile 'C:/Program Files/Epic Games/UE_4.27/FeaturePacks/TP_2DSideScroller.upack' (chunk index -1, root 'root:/') mounted
[2026.06.01-03.30.55:779][  0]LogShaderLibrary: Display: ShaderCodeLibraryPakFileMountedCallback: pending pak file info (ChunkID:-1 Root:root:/ File:C:/Program Files/Epic Games/UE_4.27/FeaturePacks/TP_2DSideScroller.upack)
[2026.06.01-03.30.55:780][  0]LogPakFile: OnPakFileMounted2Time == 0.000126
[2026.06.01-03.30.55:781][  0]LogPakFile: PakFile PrimaryIndexSize=192
[2026.06.01-03.30.55:781][  0]LogPakFile: PakFile PathHashIndexSize=101
[2026.06.01-03.30.55:781][  0]LogPakFile: PakFile FullDirectoryIndexSize=158
[2026.06.01-03.30.55:781][  0]LogShaderLibrary: Display: ShaderCodeLibraryPakFileMountedCallback: PakFile 'C:/Program Files/Epic Games/UE_4.27/FeaturePacks/TP_2DSideScrollerBP.upack' (chunk index -1, root 'root:/') mounted
[2026.06.01-03.30.55:781][  0]LogShaderLibrary: Display: ShaderCodeLibraryPakFileMountedCallback: pending pak file info (ChunkID:-1 Root:root:/ File:C:/Program Files/Epic Games/UE_4.27/FeaturePacks/TP_2DSideScrollerBP.upack)
[2026.06.01-03.30.55:781][  0]LogPakFile: OnPakFileMounted2Time == 0.000120
[2026.06.01-03.30.55:783][  0]LogPakFile: PakFile PrimaryIndexSize=182
[2026.06.01-03.30.55:783][  0]LogPakFile: PakFile PathHashIndexSize=101
[2026.06.01-03.30.55:783][  0]LogPakFile: PakFile FullDirectoryIndexSize=138
[2026.06.01-03.30.55:783][  0]LogShaderLibrary: Display: ShaderCodeLibraryPakFileMountedCallback: PakFile 'C:/Program Files/Epic Games/UE_4.27/FeaturePacks/TP_Flying.upack' (chunk index -1, root 'root:/') mounted
[2026.06.01-03.30.55:783][  0]LogShaderLibrary: Display: ShaderCodeLibraryPakFileMountedCallback: pending pak file info (ChunkID:-1 Root:root:/ File:C:/Program Files/Epic Games/UE_4.27/FeaturePacks/TP_Flying.upack)
[2026.06.01-03.30.55:783][  0]LogPakFile: OnPakFileMounted2Time == 0.000126
[2026.06.01-03.30.55:784][  0]LogPakFile: PakFile PrimaryIndexSize=184
[2026.06.01-03.30.55:784][  0]LogPakFile: PakFile PathHashIndexSize=101
[2026.06.01-03.30.55:784][  0]LogPakFile: PakFile FullDirectoryIndexSize=142
[2026.06.01-03.30.55:784][  0]LogShaderLibrary: Display: ShaderCodeLibraryPakFileMountedCallback: PakFile 'C:/Program Files/Epic Games/UE_4.27/FeaturePacks/TP_FlyingBP.upack' (chunk index -1, root 'root:/') mounted
[2026.06.01-03.30.55:784][  0]LogShaderLibrary: Display: ShaderCodeLibraryPakFileMountedCallback: pending pak file info (ChunkID:-1 Root:root:/ File:C:/Program Files/Epic Games/UE_4.27/FeaturePacks/TP_FlyingBP.upack)
[2026.06.01-03.30.55:784][  0]LogPakFile: OnPakFileMounted2Time == 0.000066
[2026.06.01-03.30.55:786][  0]LogPakFile: PakFile PrimaryIndexSize=188
[2026.06.01-03.30.55:786][  0]LogPakFile: PakFile PathHashIndexSize=101
[2026.06.01-03.30.55:786][  0]LogPakFile: PakFile FullDirectoryIndexSize=150
[2026.06.01-03.30.55:786][  0]LogShaderLibrary: Display: ShaderCodeLibraryPakFileMountedCallback: PakFile 'C:/Program Files/Epic Games/UE_4.27/FeaturePacks/TP_HandheldARBP.upack' (chunk index -1, root 'root:/') mounted
[2026.06.01-03.30.55:786][  0]LogShaderLibrary: Display: ShaderCodeLibraryPakFileMountedCallback: pending pak file info (ChunkID:-1 Root:root:/ File:C:/Program Files/Epic Games/UE_4.27/FeaturePacks/TP_HandheldARBP.upack)
[2026.06.01-03.30.55:786][  0]LogPakFile: OnPakFileMounted2Time == 0.000123
[2026.06.01-03.30.55:788][  0]LogPakFile: PakFile PrimaryIndexSize=182
[2026.06.01-03.30.55:788][  0]LogPakFile: PakFile PathHashIndexSize=101
[2026.06.01-03.30.55:788][  0]LogPakFile: PakFile FullDirectoryIndexSize=138
[2026.06.01-03.30.55:788][  0]LogShaderLibrary: Display: ShaderCodeLibraryPakFileMountedCallback: PakFile 'C:/Program Files/Epic Games/UE_4.27/FeaturePacks/TP_Puzzle.upack' (chunk index -1, root 'root:/') mounted
[2026.06.01-03.30.55:788][  0]LogShaderLibrary: Display: ShaderCodeLibraryPakFileMountedCallback: pending pak file info (ChunkID:-1 Root:root:/ File:C:/Program Files/Epic Games/UE_4.27/FeaturePacks/TP_Puzzle.upack)
[2026.06.01-03.30.55:788][  0]LogPakFile: OnPakFileMounted2Time == 0.000129
[2026.06.01-03.30.55:790][  0]LogPakFile: PakFile PrimaryIndexSize=184
[2026.06.01-03.30.55:790][  0]LogPakFile: PakFile PathHashIndexSize=101
[2026.06.01-03.30.55:790][  0]LogPakFile: PakFile FullDirectoryIndexSize=142
[2026.06.01-03.30.55:790][  0]LogShaderLibrary: Display: ShaderCodeLibraryPakFileMountedCallback: PakFile 'C:/Program Files/Epic Games/UE_4.27/FeaturePacks/TP_PuzzleBP.upack' (chunk index -1, root 'root:/') mounted
[2026.06.01-03.30.55:790][  0]LogShaderLibrary: Display: ShaderCodeLibraryPakFileMountedCallback: pending pak file info (ChunkID:-1 Root:root:/ File:C:/Program Files/Epic Games/UE_4.27/FeaturePacks/TP_PuzzleBP.upack)
[2026.06.01-03.30.55:790][  0]LogPakFile: OnPakFileMounted2Time == 0.000134
[2026.06.01-03.30.55:792][  0]LogPakFile: PakFile PrimaryIndexSize=183
[2026.06.01-03.30.55:792][  0]LogPakFile: PakFile PathHashIndexSize=101
[2026.06.01-03.30.55:792][  0]LogPakFile: PakFile FullDirectoryIndexSize=140
[2026.06.01-03.30.55:792][  0]LogShaderLibrary: Display: ShaderCodeLibraryPakFileMountedCallback: PakFile 'C:/Program Files/Epic Games/UE_4.27/FeaturePacks/TP_Rolling.upack' (chunk index -1, root 'root:/') mounted
[2026.06.01-03.30.55:792][  0]LogShaderLibrary: Display: ShaderCodeLibraryPakFileMountedCallback: pending pak file info (ChunkID:-1 Root:root:/ File:C:/Program Files/Epic Games/UE_4.27/FeaturePacks/TP_Rolling.upack)
[2026.06.01-03.30.55:792][  0]LogPakFile: OnPakFileMounted2Time == 0.000140
[2026.06.01-03.30.55:794][  0]LogPakFile: PakFile PrimaryIndexSize=185
[2026.06.01-03.30.55:794][  0]LogPakFile: PakFile PathHashIndexSize=101
[2026.06.01-03.30.55:794][  0]LogPakFile: PakFile FullDirectoryIndexSize=144
[2026.06.01-03.30.55:794][  0]LogShaderLibrary: Display: ShaderCodeLibraryPakFileMountedCallback: PakFile 'C:/Program Files/Epic Games/UE_4.27/FeaturePacks/TP_RollingBP.upack' (chunk index -1, root 'root:/') mounted
[2026.06.01-03.30.55:794][  0]LogShaderLibrary: Display: ShaderCodeLibraryPakFileMountedCallback: pending pak file info (ChunkID:-1 Root:root:/ File:C:/Program Files/Epic Games/UE_4.27/FeaturePacks/TP_RollingBP.upack)
[2026.06.01-03.30.55:794][  0]LogPakFile: OnPakFileMounted2Time == 0.000124
[2026.06.01-03.30.55:795][  0]LogPakFile: PakFile PrimaryIndexSize=188
[2026.06.01-03.30.55:795][  0]LogPakFile: PakFile PathHashIndexSize=101
[2026.06.01-03.30.55:795][  0]LogPakFile: PakFile FullDirectoryIndexSize=150
[2026.06.01-03.30.55:796][  0]LogShaderLibrary: Display: ShaderCodeLibraryPakFileMountedCallback: PakFile 'C:/Program Files/Epic Games/UE_4.27/FeaturePacks/TP_SideScroller.upack' (chunk index -1, root 'root:/') mounted
[2026.06.01-03.30.55:796][  0]LogShaderLibrary: Display: ShaderCodeLibraryPakFileMountedCallback: pending pak file info (ChunkID:-1 Root:root:/ File:C:/Program Files/Epic Games/UE_4.27/FeaturePacks/TP_SideScroller.upack)
[2026.06.01-03.30.55:796][  0]LogPakFile: OnPakFileMounted2Time == 0.000127
[2026.06.01-03.30.55:797][  0]LogPakFile: PakFile PrimaryIndexSize=190
[2026.06.01-03.30.55:797][  0]LogPakFile: PakFile PathHashIndexSize=101
[2026.06.01-03.30.55:797][  0]LogPakFile: PakFile FullDirectoryIndexSize=154
[2026.06.01-03.30.55:797][  0]LogShaderLibrary: Display: ShaderCodeLibraryPakFileMountedCallback: PakFile 'C:/Program Files/Epic Games/UE_4.27/FeaturePacks/TP_SideScrollerBP.upack' (chunk index -1, root 'root:/') mounted
[2026.06.01-03.30.55:797][  0]LogShaderLibrary: Display: ShaderCodeLibraryPakFileMountedCallback: pending pak file info (ChunkID:-1 Root:root:/ File:C:/Program Files/Epic Games/UE_4.27/FeaturePacks/TP_SideScrollerBP.upack)
[2026.06.01-03.30.55:797][  0]LogPakFile: OnPakFileMounted2Time == 0.000130
[2026.06.01-03.30.55:799][  0]LogPakFile: PakFile PrimaryIndexSize=187
[2026.06.01-03.30.55:799][  0]LogPakFile: PakFile PathHashIndexSize=101
[2026.06.01-03.30.55:799][  0]LogPakFile: PakFile FullDirectoryIndexSize=148
[2026.06.01-03.30.55:799][  0]LogShaderLibrary: Display: ShaderCodeLibraryPakFileMountedCallback: PakFile 'C:/Program Files/Epic Games/UE_4.27/FeaturePacks/TP_ThirdPerson.upack' (chunk index -1, root 'root:/') mounted
[2026.06.01-03.30.55:800][  0]LogShaderLibrary: Display: ShaderCodeLibraryPakFileMountedCallback: pending pak file info (ChunkID:-1 Root:root:/ File:C:/Program Files/Epic Games/UE_4.27/FeaturePacks/TP_ThirdPerson.upack)
[2026.06.01-03.30.55:800][  0]LogPakFile: OnPakFileMounted2Time == 0.000143
[2026.06.01-03.30.55:801][  0]LogPakFile: PakFile PrimaryIndexSize=189
[2026.06.01-03.30.55:801][  0]LogPakFile: PakFile PathHashIndexSize=101
[2026.06.01-03.30.55:801][  0]LogPakFile: PakFile FullDirectoryIndexSize=152
[2026.06.01-03.30.55:801][  0]LogShaderLibrary: Display: ShaderCodeLibraryPakFileMountedCallback: PakFile 'C:/Program Files/Epic Games/UE_4.27/FeaturePacks/TP_ThirdPersonBP.upack' (chunk index -1, root 'root:/') mounted
[2026.06.01-03.30.55:802][  0]LogShaderLibrary: Display: ShaderCodeLibraryPakFileMountedCallback: pending pak file info (ChunkID:-1 Root:root:/ File:C:/Program Files/Epic Games/UE_4.27/FeaturePacks/TP_ThirdPersonBP.upack)
[2026.06.01-03.30.55:802][  0]LogPakFile: OnPakFileMounted2Time == 0.000143
[2026.06.01-03.30.55:803][  0]LogPakFile: PakFile PrimaryIndexSize=183
[2026.06.01-03.30.55:803][  0]LogPakFile: PakFile PathHashIndexSize=101
[2026.06.01-03.30.55:803][  0]LogPakFile: PakFile FullDirectoryIndexSize=140
[2026.06.01-03.30.55:803][  0]LogShaderLibrary: Display: ShaderCodeLibraryPakFileMountedCallback: PakFile 'C:/Program Files/Epic Games/UE_4.27/FeaturePacks/TP_TopDown.upack' (chunk index -1, root 'root:/') mounted
[2026.06.01-03.30.55:803][  0]LogShaderLibrary: Display: ShaderCodeLibraryPakFileMountedCallback: pending pak file info (ChunkID:-1 Root:root:/ File:C:/Program Files/Epic Games/UE_4.27/FeaturePacks/TP_TopDown.upack)
[2026.06.01-03.30.55:803][  0]LogPakFile: OnPakFileMounted2Time == 0.000154
[2026.06.01-03.30.55:805][  0]LogPakFile: PakFile PrimaryIndexSize=185
[2026.06.01-03.30.55:805][  0]LogPakFile: PakFile PathHashIndexSize=101
[2026.06.01-03.30.55:805][  0]LogPakFile: PakFile FullDirectoryIndexSize=144
[2026.06.01-03.30.55:805][  0]LogShaderLibrary: Display: ShaderCodeLibraryPakFileMountedCallback: PakFile 'C:/Program Files/Epic Games/UE_4.27/FeaturePacks/TP_TopDownBP.upack' (chunk index -1, root 'root:/') mounted
[2026.06.01-03.30.55:805][  0]LogShaderLibrary: Display: ShaderCodeLibraryPakFileMountedCallback: pending pak file info (ChunkID:-1 Root:root:/ File:C:/Program Files/Epic Games/UE_4.27/FeaturePacks/TP_TopDownBP.upack)
[2026.06.01-03.30.55:805][  0]LogPakFile: OnPakFileMounted2Time == 0.000123
[2026.06.01-03.30.55:806][  0]LogPakFile: PakFile PrimaryIndexSize=185
[2026.06.01-03.30.55:806][  0]LogPakFile: PakFile PathHashIndexSize=101
[2026.06.01-03.30.55:806][  0]LogPakFile: PakFile FullDirectoryIndexSize=144
[2026.06.01-03.30.55:806][  0]LogShaderLibrary: Display: ShaderCodeLibraryPakFileMountedCallback: PakFile 'C:/Program Files/Epic Games/UE_4.27/FeaturePacks/TP_TwinStick.upack' (chunk index -1, root 'root:/') mounted
[2026.06.01-03.30.55:806][  0]LogShaderLibrary: Display: ShaderCodeLibraryPakFileMountedCallback: pending pak file info (ChunkID:-1 Root:root:/ File:C:/Program Files/Epic Games/UE_4.27/FeaturePacks/TP_TwinStick.upack)
[2026.06.01-03.30.55:807][  0]LogPakFile: OnPakFileMounted2Time == 0.000133
[2026.06.01-03.30.55:808][  0]LogPakFile: PakFile PrimaryIndexSize=187
[2026.06.01-03.30.55:808][  0]LogPakFile: PakFile PathHashIndexSize=101
[2026.06.01-03.30.55:808][  0]LogPakFile: PakFile FullDirectoryIndexSize=148
[2026.06.01-03.30.55:808][  0]LogShaderLibrary: Display: ShaderCodeLibraryPakFileMountedCallback: PakFile 'C:/Program Files/Epic Games/UE_4.27/FeaturePacks/TP_TwinStickBP.upack' (chunk index -1, root 'root:/') mounted
[2026.06.01-03.30.55:808][  0]LogShaderLibrary: Display: ShaderCodeLibraryPakFileMountedCallback: pending pak file info (ChunkID:-1 Root:root:/ File:C:/Program Files/Epic Games/UE_4.27/FeaturePacks/TP_TwinStickBP.upack)
[2026.06.01-03.30.55:808][  0]LogPakFile: OnPakFileMounted2Time == 0.000125
[2026.06.01-03.30.55:810][  0]LogPakFile: PakFile PrimaryIndexSize=183
[2026.06.01-03.30.55:810][  0]LogPakFile: PakFile PathHashIndexSize=101
[2026.06.01-03.30.55:810][  0]LogPakFile: PakFile FullDirectoryIndexSize=140
[2026.06.01-03.30.55:810][  0]LogShaderLibrary: Display: ShaderCodeLibraryPakFileMountedCallback: PakFile 'C:/Program Files/Epic Games/UE_4.27/FeaturePacks/TP_Vehicle.upack' (chunk index -1, root 'root:/') mounted
[2026.06.01-03.30.55:810][  0]LogShaderLibrary: Display: ShaderCodeLibraryPakFileMountedCallback: pending pak file info (ChunkID:-1 Root:root:/ File:C:/Program Files/Epic Games/UE_4.27/FeaturePacks/TP_Vehicle.upack)
[2026.06.01-03.30.55:810][  0]LogPakFile: OnPakFileMounted2Time == 0.000119
[2026.06.01-03.30.55:811][  0]LogPakFile: PakFile PrimaryIndexSize=186
[2026.06.01-03.30.55:811][  0]LogPakFile: PakFile PathHashIndexSize=101
[2026.06.01-03.30.55:811][  0]LogPakFile: PakFile FullDirectoryIndexSize=146
[2026.06.01-03.30.55:811][  0]LogShaderLibrary: Display: ShaderCodeLibraryPakFileMountedCallback: PakFile 'C:/Program Files/Epic Games/UE_4.27/FeaturePacks/TP_VehicleAdv.upack' (chunk index -1, root 'root:/') mounted
[2026.06.01-03.30.55:812][  0]LogShaderLibrary: Display: ShaderCodeLibraryPakFileMountedCallback: pending pak file info (ChunkID:-1 Root:root:/ File:C:/Program Files/Epic Games/UE_4.27/FeaturePacks/TP_VehicleAdv.upack)
[2026.06.01-03.30.55:812][  0]LogPakFile: OnPakFileMounted2Time == 0.000130
[2026.06.01-03.30.55:813][  0]LogPakFile: PakFile PrimaryIndexSize=188
[2026.06.01-03.30.55:813][  0]LogPakFile: PakFile PathHashIndexSize=101
[2026.06.01-03.30.55:813][  0]LogPakFile: PakFile FullDirectoryIndexSize=150
[2026.06.01-03.30.55:813][  0]LogShaderLibrary: Display: ShaderCodeLibraryPakFileMountedCallback: PakFile 'C:/Program Files/Epic Games/UE_4.27/FeaturePacks/TP_VehicleAdvBP.upack' (chunk index -1, root 'root:/') mounted
[2026.06.01-03.30.55:813][  0]LogShaderLibrary: Display: ShaderCodeLibraryPakFileMountedCallback: pending pak file info (ChunkID:-1 Root:root:/ File:C:/Program Files/Epic Games/UE_4.27/FeaturePacks/TP_VehicleAdvBP.upack)
[2026.06.01-03.30.55:813][  0]LogPakFile: OnPakFileMounted2Time == 0.000131
[2026.06.01-03.30.55:815][  0]LogPakFile: PakFile PrimaryIndexSize=185
[2026.06.01-03.30.55:815][  0]LogPakFile: PakFile PathHashIndexSize=101
[2026.06.01-03.30.55:815][  0]LogPakFile: PakFile FullDirectoryIndexSize=144
[2026.06.01-03.30.55:815][  0]LogShaderLibrary: Display: ShaderCodeLibraryPakFileMountedCallback: PakFile 'C:/Program Files/Epic Games/UE_4.27/FeaturePacks/TP_VehicleBP.upack' (chunk index -1, root 'root:/') mounted
[2026.06.01-03.30.55:815][  0]LogShaderLibrary: Display: ShaderCodeLibraryPakFileMountedCallback: pending pak file info (ChunkID:-1 Root:root:/ File:C:/Program Files/Epic Games/UE_4.27/FeaturePacks/TP_VehicleBP.upack)
[2026.06.01-03.30.55:815][  0]LogPakFile: OnPakFileMounted2Time == 0.000138
[2026.06.01-03.30.55:816][  0]LogPakFile: PakFile PrimaryIndexSize=192
[2026.06.01-03.30.55:816][  0]LogPakFile: PakFile PathHashIndexSize=101
[2026.06.01-03.30.55:816][  0]LogPakFile: PakFile FullDirectoryIndexSize=158
[2026.06.01-03.30.55:817][  0]LogShaderLibrary: Display: ShaderCodeLibraryPakFileMountedCallback: PakFile 'C:/Program Files/Epic Games/UE_4.27/FeaturePacks/TP_VirtualRealityBP.upack' (chunk index -1, root 'root:/') mounted
[2026.06.01-03.30.55:817][  0]LogShaderLibrary: Display: ShaderCodeLibraryPakFileMountedCallback: pending pak file info (ChunkID:-1 Root:root:/ File:C:/Program Files/Epic Games/UE_4.27/FeaturePacks/TP_VirtualRealityBP.upack)
[2026.06.01-03.30.55:817][  0]LogPakFile: OnPakFileMounted2Time == 0.000128
[2026.06.01-03.30.55:980][  0]LogNativeClassHierarchy: Verbose: Native class hierarchy updated for 'AddContentDialog' in 0.0004 seconds. Added 0 classes and 0 folders.
[2026.06.01-03.30.55:982][  0]LogNativeClassHierarchy: Verbose: Native class hierarchy updated for 'SceneOutliner' in 0.0003 seconds. Added 2 classes and 0 folders.
[2026.06.01-03.30.56:038][  0]LogSlate: Took 0.000302 seconds to synchronously load lazily loaded font '../../../Engine/Content/Editor/Slate/Fonts/FontAwesome.ttf' (139K)
[2026.06.01-03.30.56:039][  0]LogSlate: Took 0.000203 seconds to synchronously load lazily loaded font '../../../Engine/Content/Slate/Fonts/Roboto-Bold.ttf' (160K)
[2026.06.01-03.30.56:135][  0]LogRenderer: Reallocating scene render targets to support 856x372 Format 10 NumSamples 1 (Frame:1).
[2026.06.01-03.30.56:201][  0]LogSlate: Took 0.000314 seconds to synchronously load lazily loaded font '../../../Engine/Content/Slate/Fonts/Roboto-Light.ttf' (167K)
[2026.06.01-03.30.56:272][  0]LogNativeClassHierarchy: Verbose: Native class hierarchy updated for 'HierarchicalLODOutliner' in 0.0004 seconds. Added 0 classes and 0 folders.
[2026.06.01-03.30.56:272][  0]LogLoad: (Engine Initialization) Total time: 26.38 seconds
[2026.06.01-03.30.56:272][  0]LogLoad: (Engine Initialization) Total Blueprint compile time: 0.00 seconds
[2026.06.01-03.30.56:351][  0]LogContentStreaming: Texture pool size now 1000 MB
[2026.06.01-03.30.56:386][  1]LogAssetRegistry: Asset discovery search completed in 20.7430 seconds
[2026.06.01-03.30.56:396][  1]LogCollectionManager: Fixed up redirectors for 0 collections in 0.000006 seconds (updated 0 objects)
[2026.06.01-03.31.01:150][ 63]LogSlate: Took 0.000346 seconds to synchronously load lazily loaded font '../../../Engine/Content/Slate/Fonts/Roboto-Italic.ttf' (157K)
[2026.06.01-03.31.02:558][191]LogVSAccessor: Warning: Couldn't access Visual Studio
[2026.06.01-03.31.02:580][191]Candidate modules for hot reload:
[2026.06.01-03.31.02:580][191]  NavesLAB01USFX
[2026.06.01-03.31.02:580][191]Launching UnrealBuildTool... [C:/Program Files/Epic Games/UE_4.27/Engine/Binaries/DotNET/UnrealBuildTool.exe  -ModuleWithSuffix=NavesLAB01USFX,2240 NavesLAB01USFXEditor Win64 Development -Project="D:/PROYECTOS/Pruebas/LABS/villa/Tarea-1-Villarroel-Roncal-Sebastian-Rodolfo-master/NavesLAB01USFX.uproject" "D:/PROYECTOS/Pruebas/LABS/villa/Tarea-1-Villarroel-Roncal-Sebastian-Rodolfo-master/NavesLAB01USFX.uproject"  -IgnoreJunk]
[2026.06.01-03.31.02:584][191]Warning: Starting HotReload took  0.0s.
[2026.06.01-03.31.05:172][436]CompilerResultsLog: New page: Compilación - 31 may. de 2026 19:31:05
[2026.06.01-03.31.05:172][436]CompilerResultsLog: Building NavesLAB01USFXEditor...
[2026.06.01-03.31.05:172][436]CompilerResultsLog: Using Visual Studio 2019 14.29.30159 toolchain (C:\Program Files (x86)\Microsoft Visual Studio\2019\BuildTools\VC\Tools\MSVC\14.29.30133) and Windows 10.0.26100.0 SDK (C:\Program Files (x86)\Windows Kits\10).
[2026.06.01-03.31.05:172][436]CompilerResultsLog: Building 3 actions with 16 processes...
[2026.06.01-03.31.05:172][436]CompilerResultsLog:   [1/3] UE4Editor-NavesLAB01USFX-2240.lib
[2026.06.01-03.31.05:172][436]CompilerResultsLog:      Creando biblioteca D:\PROYECTOS\Pruebas\LABS\villa\Tarea-1-Villarroel-Roncal-Sebastian-Rodolfo-master\Intermediate\Build\Win64\UE4Editor\Development\NavesLAB01USFX\UE4Editor-NavesLAB01USFX-2240.lib y objeto D:\PROYECTOS\Pruebas\LABS\villa\Tarea-1-Villarroel-Roncal-Sebastian-Rodolfo-master\Intermediate\Build\Win64\UE4Editor\Development\NavesLAB01USFX\UE4Editor-NavesLAB01USFX-2240.exp
[2026.06.01-03.31.05:172][436]CompilerResultsLog:   [2/3] UE4Editor-NavesLAB01USFX-2240.dll
[2026.06.01-03.31.05:172][436]CompilerResultsLog:      Creando biblioteca D:\PROYECTOS\Pruebas\LABS\villa\Tarea-1-Villarroel-Roncal-Sebastian-Rodolfo-master\Intermediate\Build\Win64\UE4Editor\Development\NavesLAB01USFX\UE4Editor-NavesLAB01USFX-2240.suppressed.lib y objeto D:\PROYECTOS\Pruebas\LABS\villa\Tarea-1-Villarroel-Roncal-Sebastian-Rodolfo-master\Intermediate\Build\Win64\UE4Editor\Development\NavesLAB01USFX\UE4Editor-NavesLAB01USFX-2240.suppressed.exp
[2026.06.01-03.31.05:172][436]CompilerResultsLog:   [3/3] NavesLAB01USFXEditor.target
[2026.06.01-03.31.05:172][436]CompilerResultsLog: Total time in Parallel executor: 1,31 seconds
[2026.06.01-03.31.05:172][436]CompilerResultsLog: Total execution time: 2,40 seconds
[2026.06.01-03.31.05:172][436]LogMainFrame: MainFrame: Module compiling took 2.615 seconds
[2026.06.01-03.31.05:222][436]LogNativeClassHierarchy: Verbose: Native class hierarchy updated for 'NavesLAB01USFX' in 0.0004 seconds. Added 4 classes and 2 folders.
[2026.06.01-03.31.05:225][436]Display: HotReload successful (1 functions remapped  0 scriptstructs remapped)
[2026.06.01-03.31.05:297][436]LogNativeClassHierarchy: Verbose: Native class hierarchy populated in 0.0118 seconds. Added 3826 classes and 930 folders.
[2026.06.01-03.31.05:297][436]Display: HotReload took  2.7s.
[2026.06.01-03.31.06:549][580]LogUObjectHash: Compacting FUObjectHashTables data took   0.98ms
[2026.06.01-03.31.06:608][580]LogSlate: Window 'NavesLAB01USFX - Unreal Editor' being destroyed
[2026.06.01-03.31.06:701][581]Cmd: QUIT_EDITOR
[2026.06.01-03.31.06:701][581]LogCore: Engine exit requested (reason: UUnrealEdEngine::CloseEditor())
[2026.06.01-03.31.06:705][581]LogCore: Engine exit requested (reason: EngineExit() was called; note: exit was already requested)
[2026.06.01-03.31.06:709][581]LogAudio: Display: Beginning Audio Device Manager Shutdown (Module: AudioMixerXAudio2)...
[2026.06.01-03.31.06:709][581]LogAudio: Display: Destroying 1 Remaining Audio Device(s)...
[2026.06.01-03.31.06:710][581]LogAudio: Display: Audio Device unregistered from world 'TwinStickExampleMap'.
[2026.06.01-03.31.06:710][581]LogAudioMixer: FMixerPlatformXAudio2::StopAudioStream() called
[2026.06.01-03.31.06:711][581]LogAudioMixer: FMixerPlatformXAudio2::StopAudioStream() called
[2026.06.01-03.31.06:716][581]LogAudio: Display: Audio Device Manager Shutdown
[2026.06.01-03.31.06:717][581]LogWindowsTextInputMethodSystem: Display: IME system deactivated.
[2026.06.01-03.31.06:724][581]LogExit: Preparing to exit.
[2026.06.01-03.31.07:028][581]LogUObjectHash: Compacting FUObjectHashTables data took   1.46ms
[2026.06.01-03.31.07:223][581]LogWorld: UWorld::CleanupWorld for World_0, bSessionEnded=true, bCleanupResources=true
[2026.06.01-03.31.07:223][581]LogWorld: UWorld::CleanupWorld for World_1, bSessionEnded=true, bCleanupResources=true
[2026.06.01-03.31.07:223][581]LogWorld: UWorld::CleanupWorld for World_2, bSessionEnded=true, bCleanupResources=true
[2026.06.01-03.31.07:249][581]LogDemo: Cleaned up 0 splitscreen connections with owner deletion
[2026.06.01-03.31.07:258][581]LogExit: Transaction tracking system shut down
[2026.06.01-03.31.07:262][581]LogExit: Editor shut down
[2026.06.01-03.31.07:516][581]LogExit: Object subsystem successfully closed.
[2026.06.01-03.31.07:561][581]LogShaderCompilers: Display: === FShaderJobCache stats ===
[2026.06.01-03.31.07:562][581]LogShaderCompilers: Display: Total job queries 0, among them cache hits 0 (0.00%)
[2026.06.01-03.31.07:562][581]LogShaderCompilers: Display: Tracking 0 distinct input hashes that result in 0 distinct outputs (0.00%)
[2026.06.01-03.31.07:562][581]LogShaderCompilers: Display: RAM used: 0.00 MB (0.00 GB) of 819.20 MB (0.80 GB) budget. Usage: 0.00%
[2026.06.01-03.31.07:562][581]LogShaderCompilers: Display: ================================================
[2026.06.01-03.31.07:578][581]LogShaderCompilers: Display: Shaders left to compile 0
[2026.06.01-03.31.07:658][581]LogModuleManager: Shutting down and abandoning module NavesLAB01USFX (873)
[2026.06.01-03.31.07:658][581]LogModuleManager: Shutting down and abandoning module HierarchicalLODOutliner (872)
[2026.06.01-03.31.07:658][581]LogModuleManager: Shutting down and abandoning module SceneOutliner (870)
[2026.06.01-03.31.07:658][581]LogModuleManager: Shutting down and abandoning module AddContentDialog (868)
[2026.06.01-03.31.07:658][581]LogModuleManager: Shutting down and abandoning module WidgetCarousel (867)
[2026.06.01-03.31.07:658][581]LogModuleManager: Shutting down and abandoning module EditorWidgets (864)
[2026.06.01-03.31.07:658][581]LogModuleManager: Shutting down and abandoning module StatsViewer (862)
[2026.06.01-03.31.07:658][581]LogModuleManager: Shutting down and abandoning module PIEPreviewDeviceProfileSelector (860)
[2026.06.01-03.31.07:658][581]LogModuleManager: Shutting down and abandoning module SequenceRecorderSections (858)
[2026.06.01-03.31.07:658][581]LogModuleManager: Shutting down and abandoning module AutomationWorker (856)
[2026.06.01-03.31.07:659][581]LogModuleManager: Shutting down and abandoning module SteamVREditor (854)
[2026.06.01-03.31.07:659][581]LogModuleManager: Shutting down and abandoning module OculusMR (852)
[2026.06.01-03.31.07:659][581]LogModuleManager: Shutting down and abandoning module TakeRecorderSources (850)
[2026.06.01-03.31.07:659][581]LogModuleManager: Shutting down and abandoning module TakeRecorder (849)
[2026.06.01-03.31.07:659][581]LogModuleManager: Shutting down and abandoning module TakeTrackRecorders (846)
[2026.06.01-03.31.07:659][581]LogModuleManager: Shutting down and abandoning module TakesCore (844)
[2026.06.01-03.31.07:659][581]LogModuleManager: Shutting down and abandoning module OpenXRInput (842)
[2026.06.01-03.31.07:659][581]LogModuleManager: Shutting down and abandoning module GooglePADEditor (840)
[2026.06.01-03.31.07:659][581]LogModuleManager: Shutting down and abandoning module AudioCaptureEditor (838)
[2026.06.01-03.31.07:659][581]LogModuleManager: Shutting down and abandoning module TemplateSequenceEditor (836)
[2026.06.01-03.31.07:659][581]LogModuleManager: Shutting down and abandoning module MatineeToLevelSequence (834)
[2026.06.01-03.31.07:659][581]LogModuleManager: Shutting down and abandoning module LevelSequenceEditor (832)
[2026.06.01-03.31.07:659][581]LogModuleManager: Shutting down and abandoning module ActorSequenceEditor (830)
[2026.06.01-03.31.07:659][581]LogModuleManager: Shutting down and abandoning module MagicLeapMediaCodecFactory (828)
[2026.06.01-03.31.07:659][581]LogModuleManager: Shutting down and abandoning module MagicLeapMediaFactory (826)
[2026.06.01-03.31.07:659][581]LogModuleManager: Shutting down and abandoning module MagicLeapMediaEditor (824)
[2026.06.01-03.31.07:659][581]LogModuleManager: Shutting down and abandoning module WmfMediaFactory (822)
[2026.06.01-03.31.07:659][581]LogModuleManager: Shutting down and abandoning module WmfMediaEditor (820)
[2026.06.01-03.31.07:659][581]LogModuleManager: Shutting down and abandoning module WebMMediaFactory (818)
[2026.06.01-03.31.07:659][581]LogModuleManager: Shutting down and abandoning module WebMMediaEditor (816)
[2026.06.01-03.31.07:659][581]LogModuleManager: Shutting down and abandoning module WebMMedia (814)
[2026.06.01-03.31.07:659][581]LogModuleManager: Shutting down and abandoning module MediaPlayerEditor (812)
[2026.06.01-03.31.07:659][581]LogModuleManager: Shutting down and abandoning module MediaCompositingEditor (810)
[2026.06.01-03.31.07:660][581]LogModuleManager: Shutting down and abandoning module SequenceRecorder (809)
[2026.06.01-03.31.07:660][581]LogModuleManager: Shutting down and abandoning module OpenExrWrapper (806)
[2026.06.01-03.31.07:660][581]LogModuleManager: Shutting down and abandoning module ImgMediaFactory (804)
[2026.06.01-03.31.07:660][581]LogModuleManager: Shutting down and abandoning module ImgMediaEditor (802)
[2026.06.01-03.31.07:660][581]LogModuleManager: Shutting down and abandoning module AvfMediaFactory (800)
[2026.06.01-03.31.07:660][581]LogModuleManager: Shutting down and abandoning module AvfMediaEditor (798)
[2026.06.01-03.31.07:660][581]LogModuleManager: Shutting down and abandoning module AndroidMediaFactory (796)
[2026.06.01-03.31.07:660][581]LogModuleManager: Shutting down and abandoning module AndroidMediaEditor (794)
[2026.06.01-03.31.07:660][581]LogModuleManager: Shutting down and abandoning module PlanarCut (792)
[2026.06.01-03.31.07:660][581]LogModuleManager: Shutting down and abandoning module CharacterAI (790)
[2026.06.01-03.31.07:660][581]LogModuleManager: Shutting down and abandoning module TextureAlignMode (788)
[2026.06.01-03.31.07:660][581]LogModuleManager: Shutting down and abandoning module BspMode (786)
[2026.06.01-03.31.07:660][581]LogModuleManager: Shutting down and abandoning module GeometryMode (784)
[2026.06.01-03.31.07:660][581]LogModuleManager: Shutting down and abandoning module CameraShakePreviewer (782)
[2026.06.01-03.31.07:660][581]LogModuleManager: Shutting down and abandoning module SmartSnapping (780)
[2026.06.01-03.31.07:660][581]LogModuleManager: Shutting down and abandoning module SessionServices (778)
[2026.06.01-03.31.07:660][581]LogModuleManager: Shutting down and abandoning module MeshPaint (776)
[2026.06.01-03.31.07:660][581]LogModuleManager: Shutting down and abandoning module VirtualTexturingEditor (774)
[2026.06.01-03.31.07:660][581]LogModuleManager: Shutting down and abandoning module FoliageEdit (772)
[2026.06.01-03.31.07:660][581]LogModuleManager: Shutting down and abandoning module LandscapeEditor (770)
[2026.06.01-03.31.07:660][581]LogModuleManager: Shutting down and abandoning module MeshPaintMode (768)
[2026.06.01-03.31.07:660][581]LogModuleManager: Shutting down and abandoning module SceneDepthPickerMode (766)
[2026.06.01-03.31.07:660][581]LogModuleManager: Shutting down and abandoning module ActorPickerMode (764)
[2026.06.01-03.31.07:660][581]LogModuleManager: Shutting down and abandoning module PlacementMode (762)
[2026.06.01-03.31.07:660][581]LogModuleManager: Shutting down and abandoning module ViewportSnapping (760)
[2026.06.01-03.31.07:660][581]LogModuleManager: Shutting down and abandoning module ViewportInteraction (758)
[2026.06.01-03.31.07:660][581]LogModuleManager: Shutting down and abandoning module ClothPainter (756)
[2026.06.01-03.31.07:661][581]LogModuleManager: Shutting down and abandoning module SkeletalMeshEditor (755)
[2026.06.01-03.31.07:661][581]LogModuleManager: Shutting down and abandoning module LogVisualizer (752)
[2026.06.01-03.31.07:661][581]LogModuleManager: Shutting down and abandoning module IntroTutorials (750)
[2026.06.01-03.31.07:661][581]LogModuleManager: Shutting down and abandoning module GameProjectGeneration (749)
[2026.06.01-03.31.07:661][581]LogModuleManager: Shutting down and abandoning module LuminPlatformEditor (746)
[2026.06.01-03.31.07:661][581]LogModuleManager: Shutting down and abandoning module IOSPlatformEditor (744)
[2026.06.01-03.31.07:661][581]LogModuleManager: Shutting down and abandoning module AndroidPlatformEditor (742)
[2026.06.01-03.31.07:661][581]LogModuleManager: Shutting down and abandoning module AndroidDeviceDetection (741)
[2026.06.01-03.31.08:610][581]LogModuleManager: Shutting down and abandoning module WindowsPlatformEditor (738)
[2026.06.01-03.31.08:610][581]LogModuleManager: Shutting down and abandoning module LuminRuntimeSettings (736)
[2026.06.01-03.31.08:610][581]LogModuleManager: Shutting down and abandoning module IOSRuntimeSettings (734)
[2026.06.01-03.31.08:610][581]LogModuleManager: Shutting down and abandoning module AndroidRuntimeSettings (732)
[2026.06.01-03.31.08:610][581]LogModuleManager: Shutting down and abandoning module TraceInsights (730)
[2026.06.01-03.31.08:610][581]MemoryProfiler: Shutdown
[2026.06.01-03.31.08:610][581]NetworkingProfiler: Shutdown
[2026.06.01-03.31.08:610][581]LoadingProfiler: Shutdown
[2026.06.01-03.31.08:610][581]TimingProfiler: Shutdown
[2026.06.01-03.31.08:610][581]LogModuleManager: Shutting down and abandoning module TraceServices (729)
[2026.06.01-03.31.08:610][581]LogModuleManager: Shutting down and abandoning module EditorInteractiveToolsFramework (726)
[2026.06.01-03.31.08:610][581]LogModuleManager: Shutting down and abandoning module TimeManagementEditor (724)
[2026.06.01-03.31.08:610][581]LogModuleManager: Shutting down and abandoning module InputBindingEditor (722)
[2026.06.01-03.31.08:610][581]LogModuleManager: Shutting down and abandoning module MergeActors (720)
[2026.06.01-03.31.08:610][581]LogModuleManager: Shutting down and abandoning module LocalizationDashboard (718)
[2026.06.01-03.31.08:610][581]LogModuleManager: Shutting down and abandoning module LocalizationService (717)
[2026.06.01-03.31.08:610][581]LogModuleManager: Shutting down and abandoning module HardwareTargeting (714)
[2026.06.01-03.31.08:610][581]LogModuleManager: Shutting down and abandoning module DeviceProfileEditor (712)
[2026.06.01-03.31.08:610][581]LogModuleManager: Shutting down and abandoning module UndoHistory (710)
[2026.06.01-03.31.08:610][581]LogModuleManager: Shutting down and abandoning module XmlParser (708)
[2026.06.01-03.31.08:610][581]LogModuleManager: Shutting down and abandoning module Blutility (706)
[2026.06.01-03.31.08:610][581]LogModuleManager: Shutting down and abandoning module ProjectSettingsViewer (704)
[2026.06.01-03.31.08:611][581]LogModuleManager: Shutting down and abandoning module ProjectTargetPlatformEditor (703)
[2026.06.01-03.31.08:611][581]LogModuleManager: Shutting down and abandoning module EditorSettingsViewer (700)
[2026.06.01-03.31.08:611][581]LogModuleManager: Shutting down and abandoning module InternationalizationSettings (699)
[2026.06.01-03.31.08:611][581]LogModuleManager: Shutting down and abandoning module SettingsEditor (696)
[2026.06.01-03.31.08:611][581]LogModuleManager: Shutting down and abandoning module ProjectLauncher (694)
[2026.06.01-03.31.08:611][581]LogModuleManager: Shutting down and abandoning module SessionFrontend (692)
[2026.06.01-03.31.08:611][581]LogModuleManager: Shutting down and abandoning module ProfilerClient (690)
[2026.06.01-03.31.08:611][581]LogModuleManager: Shutting down and abandoning module DeviceManager (688)
[2026.06.01-03.31.08:611][581]LogModuleManager: Shutting down and abandoning module TargetDeviceServices (687)
[2026.06.01-03.31.08:644][581]LogModuleManager: Shutting down and abandoning module AutomationController (684)
[2026.06.01-03.31.08:644][581]LogModuleManager: Shutting down and abandoning module AutomationWindow (682)
[2026.06.01-03.31.08:644][581]LogModuleManager: Shutting down and abandoning module Layers (680)
[2026.06.01-03.31.08:644][581]LogModuleManager: Shutting down and abandoning module ComponentVisualizers (678)
[2026.06.01-03.31.08:644][581]LogModuleManager: Shutting down and abandoning module DetailCustomizations (676)
[2026.06.01-03.31.08:644][581]LogModuleManager: Shutting down and abandoning module PackagesDialog (674)
[2026.06.01-03.31.08:644][581]LogModuleManager: Shutting down and abandoning module AnimationBlueprintEditor (672)
[2026.06.01-03.31.08:644][581]LogModuleManager: Shutting down and abandoning module Persona (670)
[2026.06.01-03.31.08:644][581]LogModuleManager: Shutting down and abandoning module AdvancedPreviewScene (669)
[2026.06.01-03.31.08:644][581]LogModuleManager: Shutting down and abandoning module AnimGraph (667)
[2026.06.01-03.31.08:644][581]LogModuleManager: Shutting down and abandoning module Kismet (664)
[2026.06.01-03.31.08:644][581]LogModuleManager: Shutting down and abandoning module KismetWidgets (663)
[2026.06.01-03.31.08:644][581]LogModuleManager: Shutting down and abandoning module GraphEditor (660)
[2026.06.01-03.31.08:645][581]LogModuleManager: Shutting down and abandoning module StructViewer (658)
[2026.06.01-03.31.08:645][581]LogModuleManager: Shutting down and abandoning module ClassViewer (656)
[2026.06.01-03.31.08:645][581]LogModuleManager: Shutting down and abandoning module Toolbox (654)
[2026.06.01-03.31.08:645][581]LogModuleManager: Shutting down and abandoning module ModuleUI (652)
[2026.06.01-03.31.08:645][581]LogModuleManager: Shutting down and abandoning module OutputLog (650)
[2026.06.01-03.31.08:645][581]LogModuleManager: Shutting down and abandoning module GammaUI (648)
[2026.06.01-03.31.08:645][581]LogModuleManager: Shutting down and abandoning module Documentation (646)
[2026.06.01-03.31.08:645][581]LogModuleManager: Shutting down and abandoning module LiveCoding (644)
[2026.06.01-03.31.08:645][581]LogModuleManager: Shutting down and abandoning module LevelSequence (642)
[2026.06.01-03.31.08:645][581]LogModuleManager: Shutting down and abandoning module MovieSceneTracks (640)
[2026.06.01-03.31.08:645][581]LogModuleManager: Shutting down and abandoning module MovieScene (638)
[2026.06.01-03.31.08:645][581]LogModuleManager: Shutting down and abandoning module StreamingPauseRendering (636)
[2026.06.01-03.31.08:645][581]LogModuleManager: Shutting down and abandoning module LauncherPlatform (634)
[2026.06.01-03.31.08:645][581]LogModuleManager: Shutting down and abandoning module AnalyticsET (632)
[2026.06.01-03.31.08:645][581]LogModuleManager: Shutting down and abandoning module PortalServices (630)
[2026.06.01-03.31.08:645][581]LogModuleManager: Shutting down and abandoning module PortalRpc (628)
[2026.06.01-03.31.08:645][581]LogModuleManager: Shutting down and abandoning module MessagingRpc (626)
[2026.06.01-03.31.08:645][581]LogModuleManager: Shutting down and abandoning module AudioMixerXAudio2 (624)
[2026.06.01-03.31.08:645][581]LogModuleManager: Shutting down and abandoning module AudioMixerCore (623)
[2026.06.01-03.31.08:645][581]LogModuleManager: Shutting down and abandoning module AIModule (620)
[2026.06.01-03.31.08:646][581]LogModuleManager: Shutting down and abandoning module GameplayDebugger (619)
[2026.06.01-03.31.08:646][581]LogModuleManager: Shutting down and abandoning module AITestSuite (617)
[2026.06.01-03.31.08:646][581]LogModuleManager: Shutting down and abandoning module NavigationSystem (615)
[2026.06.01-03.31.08:646][581]LogModuleManager: Shutting down and abandoning module ImageWriteQueue (612)
[2026.06.01-03.31.08:653][581]LogModuleManager: Shutting down and abandoning module ProfilerService (610)
[2026.06.01-03.31.08:754][581]LogModuleManager: Shutting down and abandoning module TaskGraph (608)
[2026.06.01-03.31.08:754][581]LogModuleManager: Shutting down and abandoning module AudioSynesthesiaEditor (606)
[2026.06.01-03.31.08:755][581]LogModuleManager: Shutting down and abandoning module OculusEditor (604)
[2026.06.01-03.31.08:755][581]LogModuleManager: Shutting down and abandoning module OculusInput (602)
[2026.06.01-03.31.08:755][581]LogModuleManager: Shutting down and abandoning module ContentBrowserAssetDataSource (600)
[2026.06.01-03.31.08:755][581]LogModuleManager: Shutting down and abandoning module ContentBrowserFileDataSource (598)
[2026.06.01-03.31.08:755][581]LogModuleManager: Shutting down and abandoning module ContentBrowserClassDataSource (596)
[2026.06.01-03.31.08:756][581]LogModuleManager: Shutting down and abandoning module CollectionManager (595)
[2026.06.01-03.31.08:756][581]LogModuleManager: Shutting down and abandoning module TakeSequencer (592)
[2026.06.01-03.31.08:756][581]LogModuleManager: Shutting down and abandoning module TakeMovieScene (590)
[2026.06.01-03.31.08:756][581]LogModuleManager: Shutting down and abandoning module SynthesisEditor (588)
[2026.06.01-03.31.08:756][581]LogModuleManager: Shutting down and abandoning module Synthesis (586)
[2026.06.01-03.31.08:756][581]LogModuleManager: Shutting down and abandoning module ProceduralMeshComponentEditor (584)
[2026.06.01-03.31.08:757][581]LogModuleManager: Shutting down and abandoning module ProceduralMeshComponent (582)
[2026.06.01-03.31.08:757][581]LogModuleManager: Shutting down and abandoning module OpenXREditor (580)
[2026.06.01-03.31.08:757][581]LogModuleManager: Shutting down and abandoning module MobilePatchingUtils (578)
[2026.06.01-03.31.08:757][581]LogModuleManager: Shutting down and abandoning module ScreenshotTools (576)
[2026.06.01-03.31.08:757][581]LogModuleManager: Shutting down and abandoning module GooglePAD (574)
[2026.06.01-03.31.08:757][581]LogModuleManager: Shutting down and abandoning module EditableMesh (572)
[2026.06.01-03.31.08:757][581]LogModuleManager: Shutting down and abandoning module CustomMeshComponent (570)
[2026.06.01-03.31.08:757][581]LogModuleManager: Shutting down and abandoning module CableComponent (568)
[2026.06.01-03.31.08:757][581]LogModuleManager: Shutting down and abandoning module AssetTags (566)
[2026.06.01-03.31.08:757][581]LogModuleManager: Shutting down and abandoning module AudioCapture (564)
[2026.06.01-03.31.08:757][581]LogModuleManager: Shutting down and abandoning module AudioCaptureRtAudio (563)
[2026.06.01-03.31.08:757][581]LogModuleManager: Shutting down and abandoning module ArchVisCharacter (560)
[2026.06.01-03.31.08:757][581]LogModuleManager: Shutting down and abandoning module AppleImageUtilsBlueprintSupport (558)
[2026.06.01-03.31.08:757][581]LogModuleManager: Shutting down and abandoning module AppleImageUtils (556)
[2026.06.01-03.31.08:757][581]LogModuleManager: Shutting down and abandoning module AndroidPermission (554)
[2026.06.01-03.31.08:757][581]LogModuleManager: Shutting down and abandoning module ActorLayerUtilitiesEditor (552)
[2026.06.01-03.31.08:757][581]LogModuleManager: Shutting down and abandoning module ActorLayerUtilities (550)
[2026.06.01-03.31.08:757][581]LogModuleManager: Shutting down and abandoning module TemplateSequence (548)
[2026.06.01-03.31.08:757][581]LogModuleManager: Shutting down and abandoning module MagicLeapSharedWorld (546)
[2026.06.01-03.31.08:757][581]LogModuleManager: Shutting down and abandoning module MagicLeapLightEstimation (544)
[2026.06.01-03.31.08:758][581]LogModuleManager: Shutting down and abandoning module MagicLeapHelperVulkan (542)
[2026.06.01-03.31.08:758][581]LogModuleManager: Shutting down and abandoning module MagicLeapHelperOpenGL (540)
[2026.06.01-03.31.08:758][581]LogModuleManager: Shutting down and abandoning module MagicLeapAudio (538)
[2026.06.01-03.31.08:758][581]LogModuleManager: Shutting down and abandoning module MediaCompositing (536)
[2026.06.01-03.31.08:758][581]LogModuleManager: Shutting down and abandoning module ImgMedia (534)
[2026.06.01-03.31.08:758][581]LogModuleManager: Shutting down and abandoning module MotoSynthEditor (532)
[2026.06.01-03.31.08:758][581]LogModuleManager: Shutting down and abandoning module MotoSynth (530)
[2026.06.01-03.31.08:758][581]LogModuleManager: Shutting down and abandoning module OpenImageDenoise (528)
[2026.06.01-03.31.08:758][581]LogOpenImageDenoise: OIDN shutting down
[2026.06.01-03.31.08:758][581]LogModuleManager: Shutting down and abandoning module MeshConversion (526)
[2026.06.01-03.31.08:758][581]LogModuleManager: Shutting down and abandoning module DynamicMesh (524)
[2026.06.01-03.31.08:758][581]LogModuleManager: Shutting down and abandoning module GeometryAlgorithms (522)
[2026.06.01-03.31.08:758][581]LogModuleManager: Shutting down and abandoning module GeometricObjects (520)
[2026.06.01-03.31.08:758][581]LogModuleManager: Shutting down and abandoning module GeometryCollectionTracks (518)
[2026.06.01-03.31.08:758][581]LogModuleManager: Shutting down and abandoning module GeometryCollectionSequencer (517)
[2026.06.01-03.31.08:758][581]LogModuleManager: Shutting down and abandoning module GeometryCollectionEditor (514)
[2026.06.01-03.31.08:758][581]LogModuleManager: Shutting down and abandoning module GeometryCacheTracks (512)
[2026.06.01-03.31.08:758][581]LogModuleManager: Shutting down and abandoning module GeometryCacheStreamer (510)
[2026.06.01-03.31.08:758][581]LogModuleManager: Shutting down and abandoning module GeometryCacheSequencer (508)
[2026.06.01-03.31.08:758][581]LogModuleManager: Shutting down and abandoning module VariantManagerContentEditor (506)
[2026.06.01-03.31.08:758][581]LogModuleManager: Shutting down and abandoning module DatasmithContentEditor (504)
[2026.06.01-03.31.08:758][581]LogModuleManager: Shutting down and abandoning module NiagaraEditorWidgets (502)
[2026.06.01-03.31.08:759][581]LogModuleManager: Shutting down and abandoning module ChaosSolverEditor (500)
[2026.06.01-03.31.08:759][581]LogModuleManager: Shutting down and abandoning module FractureEditor (498)
[2026.06.01-03.31.08:759][581]LogModuleManager: Shutting down and abandoning module ChaosNiagara (496)
[2026.06.01-03.31.08:759][581]LogModuleManager: Shutting down and abandoning module FieldSystemEngine (495)
[2026.06.01-03.31.08:759][581]LogModuleManager: Shutting down and abandoning module ChaosClothEditor (492)
[2026.06.01-03.31.08:759][581]LogModuleManager: Shutting down and abandoning module BackChannel (490)
[2026.06.01-03.31.08:759][581]LogModuleManager: Shutting down and abandoning module AlembicImporter (488)
[2026.06.01-03.31.08:759][581]LogModuleManager: Shutting down and abandoning module AlembicLibrary (487)
[2026.06.01-03.31.08:759][581]LogModuleManager: Shutting down and abandoning module GeometryCache (486)
[2026.06.01-03.31.08:759][581]LogModuleManager: Shutting down and abandoning module GeometryCacheEd (485)
[2026.06.01-03.31.08:759][581]LogModuleManager: Shutting down and abandoning module AutomationUtilsEditor (480)
[2026.06.01-03.31.08:759][581]LogModuleManager: Shutting down and abandoning module AutomationUtils (478)
[2026.06.01-03.31.08:759][581]LogModuleManager: Shutting down and abandoning module VisualStudioSourceCodeAccess (476)
[2026.06.01-03.31.08:759][581]LogModuleManager: Shutting down and abandoning module VisualStudioCodeSourceCodeAccess (474)
[2026.06.01-03.31.08:759][581]LogModuleManager: Shutting down and abandoning module UObjectPlugin (472)
[2026.06.01-03.31.08:759][581]LogModuleManager: Shutting down and abandoning module PluginUtils (470)
[2026.06.01-03.31.08:759][581]LogModuleManager: Shutting down and abandoning module SubversionSourceControl (468)
[2026.06.01-03.31.08:759][581]LogModuleManager: Shutting down and abandoning module RiderSourceCodeAccess (466)
[2026.06.01-03.31.08:759][581]LogModuleManager: Shutting down and abandoning module PlasticSourceControl (464)
[2026.06.01-03.31.08:759][581]LogModuleManager: Shutting down and abandoning module PerforceSourceControl (462)
[2026.06.01-03.31.08:760][581]LogModuleManager: Shutting down and abandoning module CLionSourceCodeAccess (460)
[2026.06.01-03.31.08:760][581]LogModuleManager: Shutting down and abandoning module GitSourceControl (458)
[2026.06.01-03.31.08:760][581]LogModuleManager: Shutting down and abandoning module SourceControl (457)
[2026.06.01-03.31.08:760][581]LogModuleManager: Shutting down and abandoning module SpeedTreeImporter (454)
[2026.06.01-03.31.08:760][581]LogModuleManager: Shutting down and abandoning module AnimationSharingEd (452)
[2026.06.01-03.31.08:760][581]LogModuleManager: Shutting down and abandoning module PluginBrowser (450)
[2026.06.01-03.31.08:760][581]LogModuleManager: Shutting down and abandoning module MobileLauncherProfileWizard (448)
[2026.06.01-03.31.08:760][581]LogModuleManager: Shutting down and abandoning module MaterialAnalyzer (446)
[2026.06.01-03.31.08:760][581]LogModuleManager: Shutting down and abandoning module CryptoKeysOpenSSL (444)
[2026.06.01-03.31.08:760][581]LogModuleManager: Shutting down and abandoning module CryptoKeys (442)
[2026.06.01-03.31.08:760][581]LogModuleManager: Shutting down and abandoning module CurveEditorTools (440)
[2026.06.01-03.31.08:760][581]LogModuleManager: Shutting down and abandoning module OodleNetworkHandlerComponent (438)
[2026.06.01-03.31.08:760][581]LogModuleManager: Shutting down and abandoning module LightPropagationVolumeEditor (436)
[2026.06.01-03.31.08:760][581]LogModuleManager: Shutting down and abandoning module LiveLinkSequencer (434)
[2026.06.01-03.31.08:760][581]LogModuleManager: Shutting down and abandoning module LiveLinkMovieScene (432)
[2026.06.01-03.31.08:760][581]LogModuleManager: Shutting down and abandoning module LiveLinkGraphNode (430)
[2026.06.01-03.31.08:761][581]LogModuleManager: Shutting down and abandoning module LiveLinkEditor (428)
[2026.06.01-03.31.08:761][581]LogModuleManager: Shutting down and abandoning module LiveLinkComponents (426)
[2026.06.01-03.31.08:761][581]LogModuleManager: Shutting down and abandoning module LiveLink (424)
[2026.06.01-03.31.09:222][581]LogModuleManager: Shutting down and abandoning module PaperTiledImporter (422)
[2026.06.01-03.31.09:222][581]LogModuleManager: Shutting down and abandoning module PaperSpriteSheetImporter (420)
[2026.06.01-03.31.09:222][581]LogModuleManager: Shutting down and abandoning module Paper2DEditor (418)
[2026.06.01-03.31.09:222][581]LogModuleManager: Shutting down and abandoning module MeshPaintingToolset (416)
[2026.06.01-03.31.09:222][581]LogModuleManager: Shutting down and abandoning module MeshPaintEditorMode (414)
[2026.06.01-03.31.09:223][581]LogModuleManager: Shutting down and abandoning module SoundFields (410)
[2026.06.01-03.31.09:223][581]LogModuleManager: Shutting down and abandoning module RuntimePhysXCooking (408)
[2026.06.01-03.31.09:223][581]LogModuleManager: Shutting down and abandoning module SignificanceManager (406)
[2026.06.01-03.31.09:223][581]LogModuleManager: Shutting down and abandoning module PropertyAccessEditor (404)
[2026.06.01-03.31.09:223][581]LogModuleManager: Shutting down and abandoning module PhysXVehiclesEditor (402)
[2026.06.01-03.31.09:223][581]LogModuleManager: Shutting down and abandoning module LocationServicesBPLibrary (398)
[2026.06.01-03.31.09:223][581]LogModuleManager: Shutting down and abandoning module AudioSynesthesia (396)
[2026.06.01-03.31.09:223][581]LogModuleManager: Shutting down and abandoning module AudioSynesthesiaCore (394)
[2026.06.01-03.31.09:223][581]LogModuleManager: Shutting down and abandoning module ActorSequence (392)
[2026.06.01-03.31.09:223][581]LogModuleManager: Shutting down and abandoning module UdpMessaging (390)
[2026.06.01-03.31.09:324][581]LogModuleManager: Shutting down and abandoning module TcpMessaging (388)
[2026.06.01-03.31.09:425][581]LogModuleManager: Shutting down and abandoning module MagicLeapARPin (386)
[2026.06.01-03.31.09:425][581]LogModuleManager: Shutting down and abandoning module MagicLeapHandMeshing (384)
[2026.06.01-03.31.09:425][581]LogModuleManager: Shutting down and abandoning module MagicLeapSecureStorage (382)
[2026.06.01-03.31.09:425][581]LogModuleManager: Shutting down and abandoning module MagicLeapPrivileges (380)
[2026.06.01-03.31.09:425][581]LogModuleManager: Shutting down and abandoning module MagicLeapPlanes (378)
[2026.06.01-03.31.09:425][581]LogMagicLeapPlanes: Planes tracker already destroyed.
[2026.06.01-03.31.09:425][581]LogModuleManager: Shutting down and abandoning module MagicLeapImageTracker (376)
[2026.06.01-03.31.09:425][581]LogModuleManager: Shutting down and abandoning module MagicLeapIdentity (374)
[2026.06.01-03.31.09:425][581]LogModuleManager: Shutting down and abandoning module MagicLeapHandTracking (372)
[2026.06.01-03.31.09:425][581]LogModuleManager: Shutting down and abandoning module MagicLeapEyeTracker (370)
[2026.06.01-03.31.09:425][581]LogModuleManager: Shutting down and abandoning module MagicLeapController (368)
[2026.06.01-03.31.09:425][581]LogModuleManager: Shutting down and abandoning module MagicLeapARPinImpl (366)
[2026.06.01-03.31.09:425][581]LogModuleManager: Shutting down and abandoning module MagicLeapAR (364)
[2026.06.01-03.31.09:425][581]LogModuleManager: Shutting down and abandoning module ImgMediaEngine (362)
[2026.06.01-03.31.09:425][581]LogModuleManager: Shutting down and abandoning module PythonScriptPlugin (360)
[2026.06.01-03.31.09:425][581]LogModuleManager: Shutting down and abandoning module NiagaraAnimNotifies (358)
[2026.06.01-03.31.09:425][581]LogModuleManager: Shutting down and abandoning module Niagara (356)
[2026.06.01-03.31.09:425][581]LogModuleManager: Shutting down and abandoning module SignalProcessing (355)
[2026.06.01-03.31.09:425][581]LogModuleManager: Shutting down and abandoning module NiagaraEditor (353)
[2026.06.01-03.31.09:426][581]LogModuleManager: Shutting down and abandoning module NiagaraCore (350)
[2026.06.01-03.31.09:426][581]LogModuleManager: Shutting down and abandoning module PropertyAccessNode (348)
[2026.06.01-03.31.09:426][581]LogModuleManager: Shutting down and abandoning module AnimationSharing (346)
[2026.06.01-03.31.09:426][581]LogModuleManager: Shutting down and abandoning module FacialAnimationEditor (344)
[2026.06.01-03.31.09:426][581]LogModuleManager: Shutting down and abandoning module FacialAnimation (342)
[2026.06.01-03.31.09:426][581]LogModuleManager: Shutting down and abandoning module GameplayTagsEditor (340)
[2026.06.01-03.31.09:426][581]LogModuleManager: Shutting down and abandoning module DataValidation (338)
[2026.06.01-03.31.09:426][581]LogModuleManager: Shutting down and abandoning module GameplayCameras (336)
[2026.06.01-03.31.09:426][581]LogModuleManager: Shutting down and abandoning module AssetManagerEditor (334)
[2026.06.01-03.31.09:426][581]LogModuleManager: Shutting down and abandoning module LevelEditor (333)
[2026.06.01-03.31.09:428][581]LogModuleManager: Shutting down and abandoning module PixelInspectorModule (332)
[2026.06.01-03.31.09:428][581]LogModuleManager: Shutting down and abandoning module CommonMenuExtensions (330)
[2026.06.01-03.31.09:428][581]LogModuleManager: Shutting down and abandoning module MainFrame (328)
[2026.06.01-03.31.09:428][581]LogModuleManager: Shutting down and abandoning module HotReload (327)
[2026.06.01-03.31.09:429][581]LogModuleManager: Shutting down and abandoning module ToolMenus (323)
[2026.06.01-03.31.09:429][581]LogModuleManager: Shutting down and abandoning module ContentBrowser (321)
[2026.06.01-03.31.09:429][581]LogModuleManager: Shutting down and abandoning module ContentBrowserData (320)
[2026.06.01-03.31.09:429][581]LogModuleManager: Shutting down and abandoning module TreeMap (317)
[2026.06.01-03.31.09:429][581]LogModuleManager: Shutting down and abandoning module LightPropagationVolumeRuntime (314)
[2026.06.01-03.31.09:429][581]LogModuleManager: Shutting down and abandoning module EnvironmentQueryEditor (312)
[2026.06.01-03.31.09:429][581]LogModuleManager: Shutting down and abandoning module Paper2D (310)
[2026.06.01-03.31.09:429][581]LogModuleManager: Shutting down and abandoning module WindowsMoviePlayer (308)
[2026.06.01-03.31.09:430][581]LogModuleManager: Shutting down and abandoning module WebMMoviePlayer (306)
[2026.06.01-03.31.09:430][581]LogModuleManager: Shutting down and abandoning module NetworkReplayStreaming (304)
[2026.06.01-03.31.09:430][581]LogModuleManager: Shutting down and abandoning module PacketHandler (302)
[2026.06.01-03.31.09:430][581]LogModuleManager: Shutting down and abandoning module ClothingSystemEditor (300)
[2026.06.01-03.31.09:430][581]LogModuleManager: Shutting down and abandoning module ClothingSystemRuntimeNv (298)
[2026.06.01-03.31.09:430][581]LogModuleManager: Shutting down and abandoning module MediaAssets (296)
[2026.06.01-03.31.09:430][581]LogModuleManager: Shutting down and abandoning module Overlay (294)
[2026.06.01-03.31.09:430][581]LogModuleManager: Shutting down and abandoning module OverlayEditor (293)
[2026.06.01-03.31.09:430][581]LogModuleManager: Shutting down and abandoning module VREditor (290)
[2026.06.01-03.31.09:430][581]LogModuleManager: Shutting down and abandoning module StringTableEditor (288)
[2026.06.01-03.31.09:430][581]LogModuleManager: Shutting down and abandoning module GameplayTasksEditor (286)
[2026.06.01-03.31.09:430][581]LogModuleManager: Shutting down and abandoning module BehaviorTreeEditor (284)
[2026.06.01-03.31.09:430][581]LogModuleManager: Shutting down and abandoning module FunctionalTesting (282)
[2026.06.01-03.31.09:430][581]LogModuleManager: Shutting down and abandoning module CollisionAnalyzer (280)
[2026.06.01-03.31.09:430][581]LogModuleManager: Shutting down and abandoning module WorkspaceMenuStructure (279)
[2026.06.01-03.31.09:430][581]LogModuleManager: Shutting down and abandoning module UMG (276)
[2026.06.01-03.31.09:430][581]LogModuleManager: Shutting down and abandoning module UMGEditor (275)
[2026.06.01-03.31.09:430][581]LogModuleManager: Shutting down and abandoning module MessageLog (273)
[2026.06.01-03.31.09:430][581]LogModuleManager: Shutting down and abandoning module SlateReflector (268)
[2026.06.01-03.31.09:430][581]LogModuleManager: Shutting down and abandoning module Slate (266)
[2026.06.01-03.31.09:430][581]LogModuleManager: Shutting down and abandoning module SlateCore (264)
[2026.06.01-03.31.09:432][581]LogModuleManager: Shutting down and abandoning module LandscapeEditorUtilities (262)
[2026.06.01-03.31.09:432][581]LogModuleManager: Shutting down and abandoning module UnrealEd (260)
[2026.06.01-03.31.09:432][581]LogModuleManager: Shutting down and abandoning module MRMesh (258)
[2026.06.01-03.31.09:432][581]LogModuleManager: Shutting down and abandoning module SourceCodeAccess (256)
[2026.06.01-03.31.09:432][581]LogModuleManager: Shutting down and abandoning module HeadMountedDisplay (254)
[2026.06.01-03.31.09:432][581]LogModuleManager: Shutting down and abandoning module XAudio2 (252)
[2026.06.01-03.31.09:432][581]LogModuleManager: Shutting down and abandoning module Networking (250)
[2026.06.01-03.31.09:432][581]LogModuleManager: Shutting down and abandoning module Core (248)
[2026.06.01-03.31.09:432][581]LogModuleManager: Shutting down and abandoning module MaterialEditor (246)
[2026.06.01-03.31.09:432][581]LogModuleManager: Shutting down and abandoning module MovieSceneTools (244)
[2026.06.01-03.31.09:432][581]LogModuleManager: Shutting down and abandoning module CurveEditor (243)
[2026.06.01-03.31.09:432][581]LogModuleManager: Shutting down and abandoning module Sequencer (241)
[2026.06.01-03.31.09:433][581]LogModuleManager: Shutting down and abandoning module EditorStyle (240)
[2026.06.01-03.31.09:434][581]LogModuleManager: Shutting down and abandoning module KismetCompiler (236)
[2026.06.01-03.31.09:434][581]LogModuleManager: Shutting down and abandoning module MeshBuilder (234)
[2026.06.01-03.31.09:434][581]LogModuleManager: Shutting down and abandoning module MeshUtilities (232)
[2026.06.01-03.31.09:434][581]LogModuleManager: Shutting down and abandoning module MeshMergeUtilities (231)
[2026.06.01-03.31.09:434][581]LogModuleManager: Shutting down and abandoning module MeshReductionInterface (230)
[2026.06.01-03.31.09:434][581]LogModuleManager: Shutting down and abandoning module MeshBoneReduction (229)
[2026.06.01-03.31.09:434][581]LogModuleManager: Shutting down and abandoning module SkeletalMeshReduction (227)
[2026.06.01-03.31.09:434][581]LogModuleManager: Shutting down and abandoning module ProxyLODMeshReduction (225)
[2026.06.01-03.31.09:434][581]LogModuleManager: Shutting down and abandoning module QuadricMeshReduction (223)
[2026.06.01-03.31.09:434][581]LogModuleManager: Shutting down and abandoning module MaterialBaking (219)
[2026.06.01-03.31.09:434][581]LogModuleManager: Shutting down and abandoning module NullInstallBundleManager (214)
[2026.06.01-03.31.09:434][581]LogModuleManager: Shutting down and abandoning module DerivedDataCache (212)
[2026.06.01-03.31.09:434][581]LogModuleManager: Shutting down and abandoning module TargetPlatform (210)
[2026.06.01-03.31.09:434][581]LogModuleManager: Shutting down and abandoning module VulkanShaderFormat (209)
[2026.06.01-03.31.09:435][581]LogModuleManager: Shutting down and abandoning module ShaderFormatVectorVM (207)
[2026.06.01-03.31.09:435][581]LogModuleManager: Shutting down and abandoning module ShaderFormatOpenGL (205)
[2026.06.01-03.31.09:435][581]LogModuleManager: Shutting down and abandoning module ShaderFormatD3D (203)
[2026.06.01-03.31.09:435][581]LogModuleManager: Shutting down and abandoning module MetalShaderFormat (201)
[2026.06.01-03.31.09:435][581]LogModuleManager: Shutting down and abandoning module TextureFormatOodle (199)
[2026.06.01-03.31.09:435][581]LogModuleManager: Shutting down and abandoning module TextureFormatUncompressed (197)
[2026.06.01-03.31.09:435][581]LogModuleManager: Shutting down and abandoning module TextureFormatPVR (195)
[2026.06.01-03.31.09:435][581]LogModuleManager: Shutting down and abandoning module TextureFormatETC2 (193)
[2026.06.01-03.31.09:435][581]LogModuleManager: Shutting down and abandoning module TextureFormatDXT (191)
[2026.06.01-03.31.09:435][581]LogModuleManager: Shutting down and abandoning module TextureFormatIntelISPCTexComp (189)
[2026.06.01-03.31.09:435][581]LogModuleManager: Shutting down and abandoning module TextureFormatASTC (187)
[2026.06.01-03.31.09:435][581]LogModuleManager: Shutting down and abandoning module ImageWrapper (186)
[2026.06.01-03.31.09:435][581]LogModuleManager: Shutting down and abandoning module AudioFormatOpus (183)
[2026.06.01-03.31.09:435][581]LogModuleManager: Shutting down and abandoning module AudioFormatOgg (181)
[2026.06.01-03.31.09:435][581]LogModuleManager: Shutting down and abandoning module AudioFormatADPCM (179)
[2026.06.01-03.31.09:435][581]LogModuleManager: Shutting down and abandoning module WindowsServerTargetPlatform (177)
[2026.06.01-03.31.09:435][581]LogModuleManager: Shutting down and abandoning module WindowsClientTargetPlatform (175)
[2026.06.01-03.31.09:435][581]LogModuleManager: Shutting down and abandoning module WindowsTargetPlatform (173)
[2026.06.01-03.31.09:435][581]LogModuleManager: Shutting down and abandoning module WindowsNoEditorTargetPlatform (171)
[2026.06.01-03.31.09:435][581]LogModuleManager: Shutting down and abandoning module TVOSTargetPlatform (169)
[2026.06.01-03.31.09:436][581]LogModuleManager: Shutting down and abandoning module MacServerTargetPlatform (167)
[2026.06.01-03.31.09:436][581]LogModuleManager: Shutting down and abandoning module MacClientTargetPlatform (165)
[2026.06.01-03.31.09:436][581]LogModuleManager: Shutting down and abandoning module MacTargetPlatform (163)
[2026.06.01-03.31.09:436][581]LogModuleManager: Shutting down and abandoning module MacNoEditorTargetPlatform (161)
[2026.06.01-03.31.09:436][581]LogModuleManager: Shutting down and abandoning module LuminTargetPlatform (159)
[2026.06.01-03.31.09:437][581]LogModuleManager: Shutting down and abandoning module LinuxAArch64ServerTargetPlatform (157)
[2026.06.01-03.31.09:437][581]LogModuleManager: Shutting down and abandoning module LinuxAArch64ClientTargetPlatform (155)
[2026.06.01-03.31.09:437][581]LogModuleManager: Shutting down and abandoning module LinuxAArch64NoEditorTargetPlatform (153)
[2026.06.01-03.31.09:437][581]LogModuleManager: Shutting down and abandoning module LinuxServerTargetPlatform (151)
[2026.06.01-03.31.09:437][581]LogModuleManager: Shutting down and abandoning module LinuxClientTargetPlatform (149)
[2026.06.01-03.31.09:437][581]LogModuleManager: Shutting down and abandoning module LinuxNoEditorTargetPlatform (147)
[2026.06.01-03.31.09:437][581]LogModuleManager: Shutting down and abandoning module LinuxTargetPlatform (145)
[2026.06.01-03.31.09:437][581]LogModuleManager: Shutting down and abandoning module Messaging (143)
[2026.06.01-03.31.09:437][581]LogModuleManager: Shutting down and abandoning module IOSTargetPlatform (141)
[2026.06.01-03.31.09:438][581]LogModuleManager: Shutting down and abandoning module AndroidTargetPlatform (139)
[2026.06.01-03.31.09:443][581]LogModuleManager: Shutting down and abandoning module AllDesktopTargetPlatform (137)
[2026.06.01-03.31.09:443][581]LogModuleManager: Shutting down and abandoning module D3D11RHI (134)
[2026.06.01-03.31.09:443][581]LogModuleManager: Shutting down and abandoning module InputCore (132)
[2026.06.01-03.31.09:444][581]LogModuleManager: Shutting down and abandoning module Settings (130)
[2026.06.01-03.31.09:444][581]LogModuleManager: Shutting down and abandoning module DirectoryWatcher (128)
[2026.06.01-03.31.09:444][581]LogModuleManager: Shutting down and abandoning module PhysXCooking (126)
[2026.06.01-03.31.09:444][581]LogModuleManager: Shutting down and abandoning module Chaos (124)
[2026.06.01-03.31.09:444][581]LogModuleManager: Shutting down and abandoning module WindowsPlatformFeatures (122)
[2026.06.01-03.31.09:444][581]LogModuleManager: Shutting down and abandoning module GameplayMediaEncoder (121)
[2026.06.01-03.31.09:444][581]LogModuleManager: Shutting down and abandoning module AVEncoder (120)
[2026.06.01-03.31.09:444][581]LogModuleManager: Shutting down and abandoning module SteamVRInputDevice (116)
[2026.06.01-03.31.09:444][581]LogModuleManager: Shutting down and abandoning module SteamVRInput (114)
[2026.06.01-03.31.09:444][581]LogModuleManager: Shutting down and abandoning module SteamVR (112)
[2026.06.01-03.31.09:445][581]LogHMD: Freeing OpenVRDLLHandle.
[2026.06.01-03.31.09:445][581]LogModuleManager: Shutting down and abandoning module OculusHMD (110)
[2026.06.01-03.31.09:445][581]LogModuleManager: Shutting down and abandoning module OpenXRHandTracking (108)
[2026.06.01-03.31.09:446][581]LogSlate: Slate User Destroyed.  User Index 0, Is Virtual User: 0
[2026.06.01-03.31.09:446][581]LogModuleManager: Shutting down and abandoning module OpenXREyeTracker (106)
[2026.06.01-03.31.09:446][581]LogModuleManager: Shutting down and abandoning module OpenXRAR (104)
[2026.06.01-03.31.09:446][581]LogModuleManager: Shutting down and abandoning module AugmentedReality (103)
[2026.06.01-03.31.09:446][581]LogModuleManager: Shutting down and abandoning module OpenXRHMD (100)
[2026.06.01-03.31.09:446][581]LogModuleManager: Shutting down and abandoning module ExampleDeviceProfileSelector (98)
[2026.06.01-03.31.09:447][581]LogModuleManager: Shutting down and abandoning module ChunkDownloader (96)
[2026.06.01-03.31.09:447][581]LogModuleManager: Shutting down and abandoning module LauncherChunkInstaller (94)
[2026.06.01-03.31.09:447][581]LogModuleManager: Shutting down and abandoning module OnlineBlueprintSupport (92)
[2026.06.01-03.31.09:447][581]LogModuleManager: Shutting down and abandoning module OnlineSubsystem (88)
[2026.06.01-03.31.09:448][581]LogModuleManager: Shutting down and abandoning module XMPP (83)
[2026.06.01-03.31.09:449][581]LogModuleManager: Shutting down and abandoning module WebSockets (82)
[2026.06.01-03.31.09:456][581]LogModuleManager: Shutting down and abandoning module HTTP (79)
[2026.06.01-03.31.09:457][581]LogHttp: Display: Http module shutting down, but needs to wait on 1 outstanding Http requests:
[2026.06.01-03.31.09:457][581]LogHttp: Display: 	verb=[POST] url=[https://datarouter.ol.epicgames.com/datarouter/api/v1/public/data?SessionID=%7B4D2D3BB5-422F-184C-440A-5F81B34735B8%7D&AppID=UEEditor.Rocket.Release&AppVersion=4.27.2-18319896%2B%2B%2BUE4%2BRelease-4.27&UserID=023dc8944736447f62e954b7972c4017%7C89809ba69f5e41a9b8bcf4204814cd76%7C0b776e5c-f238-4432-a782-a26770123cea&AppEnvironment=datacollector-binary&UploadType=eteventstream] refs=[1] status=Processing
[2026.06.01-03.31.09:457][581]LogHttp: Display: cleaning up 1 outstanding Http requests.
[2026.06.01-03.31.09:488][581]LogModuleManager: Shutting down and abandoning module SSL (78)
[2026.06.01-03.31.09:490][581]LogModuleManager: Shutting down and abandoning module MLSDK (74)
[2026.06.01-03.31.09:490][581]LogModuleManager: Shutting down and abandoning module MagicLeap (72)
[2026.06.01-03.31.09:490][581]LogModuleManager: Shutting down and abandoning module WmfMedia (70)
[2026.06.01-03.31.09:492][581]LogModuleManager: Shutting down and abandoning module Media (69)
[2026.06.01-03.31.09:493][581]LogModuleManager: Shutting down and abandoning module MediaInfo (68)
[2026.06.01-03.31.09:494][581]LogModuleManager: Shutting down and abandoning module ExrReaderGpu (64)
[2026.06.01-03.31.09:494][581]LogModuleManager: Shutting down and abandoning module VariantManagerContent (62)
[2026.06.01-03.31.09:494][581]LogModuleManager: Shutting down and abandoning module DatasmithContent (60)
[2026.06.01-03.31.09:494][581]LogModuleManager: Shutting down and abandoning module NiagaraVertexFactories (58)
[2026.06.01-03.31.09:494][581]LogModuleManager: Shutting down and abandoning module NiagaraShader (56)
[2026.06.01-03.31.09:494][581]LogModuleManager: Shutting down and abandoning module ChaosCloth (54)
[2026.06.01-03.31.09:494][581]LogModuleManager: Shutting down and abandoning module PixWinPlugin (52)
[2026.06.01-03.31.09:494][581]LogModuleManager: Shutting down and abandoning module AISupportModule (50)
[2026.06.01-03.31.09:494][581]LogModuleManager: Shutting down and abandoning module DesktopPlatform (48)
[2026.06.01-03.31.09:494][581]LogModuleManager: Shutting down and abandoning module PlatformCryptoOpenSSL (46)
[2026.06.01-03.31.09:494][581]LogModuleManager: Shutting down and abandoning module PlatformCryptoTypes (44)
[2026.06.01-03.31.09:494][581]LogModuleManager: Shutting down and abandoning module PlatformCrypto (42)
[2026.06.01-03.31.09:494][581]LogModuleManager: Shutting down and abandoning module PythonScriptPluginPreload (40)
[2026.06.01-03.31.09:494][581]LogModuleManager: Shutting down and abandoning module OodleDataCompressionFormat (38)
[2026.06.01-03.31.09:494][581]LogModuleManager: Shutting down and abandoning module XGEController (36)
[2026.06.01-03.31.09:494][581]LogXGEController: Cleaning working directory: C:/Users/Huser/AppData/Local/Temp/UnrealXGEWorkingDir/
[2026.06.01-03.31.09:495][581]LogModuleManager: Shutting down and abandoning module AnimationModifiers (34)
[2026.06.01-03.31.09:495][581]LogModuleManager: Shutting down and abandoning module AudioEditor (32)
[2026.06.01-03.31.09:495][581]LogModuleManager: Shutting down and abandoning module PropertyEditor (31)
[2026.06.01-03.31.09:495][581]LogModuleManager: Shutting down and abandoning module TextureCompressor (28)
[2026.06.01-03.31.09:495][581]LogModuleManager: Shutting down and abandoning module RenderCore (26)
[2026.06.01-03.31.09:495][581]LogModuleManager: Shutting down and abandoning module Landscape (24)
[2026.06.01-03.31.09:495][581]LogModuleManager: Shutting down and abandoning module SlateRHIRenderer (22)
[2026.06.01-03.31.09:496][581]LogModuleManager: Shutting down and abandoning module AnimGraphRuntime (20)
[2026.06.01-03.31.09:496][581]LogModuleManager: Shutting down and abandoning module Renderer (18)
[2026.06.01-03.31.09:496][581]LogModuleManager: Shutting down and abandoning module Engine (16)
[2026.06.01-03.31.09:496][581]LogModuleManager: Shutting down and abandoning module CoreUObject (14)
[2026.06.01-03.31.09:496][581]LogModuleManager: Shutting down and abandoning module NetworkFile (12)
[2026.06.01-03.31.09:496][581]LogModuleManager: Shutting down and abandoning module CookedIterativeFile (10)
[2026.06.01-03.31.09:496][581]LogModuleManager: Shutting down and abandoning module StreamingFile (8)
[2026.06.01-03.31.09:496][581]LogModuleManager: Shutting down and abandoning module SandboxFile (6)
[2026.06.01-03.31.09:496][581]LogModuleManager: Shutting down and abandoning module PakFile (4)
[2026.06.01-03.31.09:496][581]LogModuleManager: Shutting down and abandoning module RSA (3)
[2026.06.01-03.31.09:606][581]LogContentStreaming: Display: There are 1 unreleased StreamingManagers
[2026.06.01-03.31.09:675][581]LogD3D11RHI: Shutdown
[2026.06.01-03.31.09:675][581]LogD3D11RHI: CleanupD3DDevice
[2026.06.01-03.31.09:679][581]LogExit: Exiting.
[2026.06.01-03.31.09:694][581]Log file closed, 05/31/26 23:31:09
